word,dev,VBUS,ILOAD,TJ,NPU_LS,NPD_LS,NPD_HS,DT,CLKEN,VNEG,E_tot,ov_pct,margin,Vgs_spur_hs
shipped,0,50,2,25,8,8,8,15n,1,-2,7.552304574963437e-07,7.953153599999994,2.507519362,-1.1075193620000001
shipped,0,100,10,25,8,8,8,15n,1,-2,5.164218038173995e-06,23.597060000000003,2.5477344999999985,-1.1477344999999985
shipped,0,200,10,125,8,8,8,15n,1,-2,1.5622153485853286e-05,6.0230945,2.2628229999999974,-1.0128229999999974
shipped,0,200,2,125,8,8,8,15n,1,-2,9.277934729894946e-06,3.119126499999993,2.312353999999999,-1.0623539999999991
shipped,1,50,2,25,8,8,8,15n,1,-2,7.265052718069671e-07,8.281817000000004,2.542588946,-1.142588946
shipped,1,100,10,25,8,8,8,15n,1,-2,5.093716346316219e-06,23.702800999999994,2.545362800000001,-1.145362800000001
shipped,1,200,10,125,8,8,8,15n,1,-2,1.5460158340416876e-05,6.067385999999999,2.245697999999976,-0.995697999999976
shipped,1,200,2,125,8,8,8,15n,1,-2,9.214405011358437e-06,2.898113499999994,2.302120000000002,-1.0521200000000022
shipped,2,50,2,25,8,8,8,15n,1,-2,6.940285908575068e-07,8.693529799999993,2.5768059599999997,-1.17680596
shipped,2,100,10,25,8,8,8,15n,1,-2,5.035166830473102e-06,23.841318,2.5314069999999957,-1.1314069999999958
shipped,2,200,10,125,8,8,8,15n,1,-2,1.5271866306217927e-05,6.131613500000001,2.2333639999999946,-0.9833639999999946
shipped,2,200,2,125,8,8,8,15n,1,-2,9.142535617850303e-06,2.5845225000000056,2.287558000000004,-1.0375580000000042
shipped,3,50,2,25,8,8,8,15n,1,-2,8.574474096120616e-07,6.0935599999999965,2.8417424500000004,-1.4417424500000005
shipped,3,100,10,25,8,8,8,15n,1,-2,5.3270334946807914e-06,23.180280999999994,2.561108800000001,-1.161108800000001
shipped,3,200,10,125,8,8,8,15n,1,-2,1.616766561040481e-05,5.774925499999995,2.296857999999986,-1.046857999999986
shipped,3,200,2,125,8,8,8,15n,1,-2,9.606563335223578e-06,5.4164870000000045,2.329237000000006,-1.0792370000000062
shipped,4,50,2,25,8,8,8,15n,1,-2,7.628234659592932e-07,7.5928592000000075,2.82685770926,-1.42685770926
shipped,4,100,10,25,8,8,8,15n,1,-2,5.204163743312727e-06,23.558361000000005,2.587845200000005,-1.1878452000000053
shipped,4,200,10,125,8,8,8,15n,1,-2,1.5576660570132076e-05,5.991203999999995,2.237548000000004,-0.9875480000000039
shipped,4,200,2,125,8,8,8,15n,1,-2,9.351988320335482e-06,3.7648729999999944,2.3050369999999987,-1.0550369999999987
shipped,5,50,2,25,8,8,8,15n,1,-2,7.456088019027876e-07,7.935548600000004,2.6563982079999997,-1.256398208
shipped,5,100,10,25,8,8,8,15n,1,-2,5.1546253032407375e-06,23.609752999999998,2.559969799999999,-1.159969799999999
shipped,5,200,10,125,8,8,8,15n,1,-2,1.553917116215517e-05,6.033215999999995,2.2438140000000146,-0.9938140000000146
shipped,5,200,2,125,8,8,8,15n,1,-2,9.285564516917675e-06,3.304328499999997,2.301374999999979,-1.0513749999999789
shipped,6,50,2,25,8,8,8,15n,1,-2,6.509676064861499e-07,9.212642399999993,2.5679917249999997,-1.167991725
shipped,6,100,10,25,8,8,8,15n,1,-2,4.95647224787224e-06,23.998542,2.5140535000000006,-1.1140535000000007
shipped,6,200,10,125,8,8,8,15n,1,-2,1.5029517607382382e-05,6.220459500000004,2.225022000000024,-0.975022000000024
shipped,6,200,2,125,8,8,8,15n,1,-2,9.01137907617536e-06,2.1200860000000006,2.2759439999999955,-1.0259439999999955
shipped,7,50,2,25,8,8,8,15n,1,-2,7.910587398639547e-07,7.1916832,2.750151659,-1.350151659
shipped,7,100,10,25,8,8,8,15n,1,-2,5.247232812560844e-06,23.427974000000003,2.5740415999999953,-1.1740415999999954
shipped,7,200,10,125,8,8,8,15n,1,-2,1.5780769857632177e-05,5.941763499999992,2.257532999999995,-1.0075329999999951
shipped,7,200,2,125,8,8,8,15n,1,-2,9.412577783033525e-06,4.044341000000003,2.3131690000000162,-1.0631690000000162
shipped,8,50,2,25,8,8,8,15n,1,-2,7.717840309546205e-07,7.563083599999999,2.660668481,-1.260668481
shipped,8,100,10,25,8,8,8,15n,1,-2,5.20778282524162e-06,23.518918,2.5636226999999976,-1.1636226999999977
shipped,8,200,10,125,8,8,8,15n,1,-2,1.568676594497676e-05,5.9846854999999985,2.2555240000000083,-1.0055240000000083
shipped,8,200,2,125,8,8,8,15n,1,-2,9.353320636196464e-06,3.6236854999999935,2.310101000000003,-1.060101000000003
shipped,9,50,2,25,8,8,8,15n,1,-2,7.99020407473338e-07,6.959896200000003,2.8513172800000004,-1.4513172800000005
shipped,9,100,10,25,8,8,8,15n,1,-2,5.279338918932882e-06,23.431987000000007,2.6051926000000036,-1.2051926000000037
shipped,9,200,10,125,8,8,8,15n,1,-2,1.5756337095486473e-05,5.911012999999997,2.249142000000006,-0.9991420000000062
shipped,9,200,2,125,8,8,8,15n,1,-2,9.453268334165217e-06,4.442121499999999,2.313954999999993,-1.0639549999999929
shipped,10,50,2,25,8,8,8,15n,1,-2,8.158378483600665e-07,6.854263000000003,2.709659813,-1.3096598130000001
shipped,10,100,10,25,8,8,8,15n,1,-2,5.280423761847139e-06,23.331522000000003,2.5621690999999998,-1.1621690999999998
shipped,10,200,10,125,8,8,8,15n,1,-2,1.5944168810782788e-05,5.894193999999999,2.278571999999997,-1.028571999999997
shipped,10,200,2,125,8,8,8,15n,1,-2,9.468769086508966e-06,4.281119500000003,2.3224449999999877,-1.0724449999999877
shipped,11,50,2,25,8,8,8,15n,1,-2,7.746310317132478e-07,7.459699599999993,2.728286788,-1.328286788
shipped,11,100,10,25,8,8,8,15n,1,-2,5.220177059787943e-06,23.492844000000005,2.5722471,-1.1722470999999999
shipped,11,200,10,125,8,8,8,15n,1,-2,1.5686870195419688e-05,5.9738564999999975,2.2502289999999903,-1.0002289999999903
shipped,11,200,2,125,8,8,8,15n,1,-2,9.368710375683034e-06,3.790271000000004,2.3078629999999976,-1.0578629999999976
shipped,12,50,2,25,8,8,8,15n,1,-2,8.095038517711562e-07,6.848581800000005,2.811099473,-1.4110994730000002
shipped,12,100,10,25,8,8,8,15n,1,-2,5.274444527363143e-06,23.365848,2.5763633999999995,-1.1763633999999996
shipped,12,200,10,125,8,8,8,15n,1,-2,1.5879681879827977e-05,5.897273499999996,2.2650990000000206,-1.0150990000000206
shipped,12,200,2,125,8,8,8,15n,1,-2,9.473418465171315e-06,4.420286000000004,2.316611999999992,-1.0666119999999921
shipped,13,50,2,25,8,8,8,15n,1,-2,6.939530000742364e-07,8.797179999999997,2.4353409289999997,-1.035340929
shipped,13,100,10,25,8,8,8,15n,1,-2,5.033053582594178e-06,23.851446999999993,2.527874299999995,-1.127874299999995
shipped,13,200,10,125,8,8,8,15n,1,-2,1.5283545253127834e-05,6.1253195000000025,2.2431159999999863,-0.9931159999999863
shipped,13,200,2,125,8,8,8,15n,1,-2,9.101772946144193e-06,2.3939775000000054,2.2910539329999997,-1.041053933
shipped,14,50,2,25,8,8,8,15n,1,-2,8.153535877707318e-07,6.682866399999995,2.8472573999999997,-1.4472573999999998
shipped,14,100,10,25,8,8,8,15n,1,-2,5.29253593211864e-06,23.337655999999996,2.588968899999999,-1.188968899999999
shipped,14,200,10,125,8,8,8,15n,1,-2,1.5884631569093792e-05,5.877590499999997,2.2628210000000024,-1.0128210000000024
shipped,14,200,2,125,8,8,8,15n,1,-2,9.497579558085568e-06,4.675108499999993,2.317684999999983,-1.0676849999999831
shipped,15,50,2,25,8,8,8,15n,1,-2,7.889239473372321e-07,7.161988600000001,2.8419512759999996,-1.441951276
shipped,15,100,10,25,8,8,8,15n,1,-2,5.253960566637437e-06,23.442760000000007,2.5896759999999985,-1.1896759999999986
shipped,15,200,10,125,8,8,8,15n,1,-2,1.5732865062162576e-05,5.936949999999996,2.2486530000000187,-0.9986530000000187
shipped,15,200,2,125,8,8,8,15n,1,-2,9.424921634916267e-06,4.174318999999997,2.310167999999976,-1.060167999999976
shipped,16,50,2,25,8,8,8,15n,1,-2,7.246657524470054e-07,8.191585599999996,2.721765928,-1.321765928
shipped,16,100,10,25,8,8,8,15n,1,-2,5.103061127990308e-06,23.723511000000002,2.5570649000000016,-1.1570649000000017
shipped,16,200,10,125,8,8,8,15n,1,-2,1.5410243016937465e-05,6.068272500000006,2.2333500000000015,-0.9833500000000015
shipped,16,200,2,125,8,8,8,15n,1,-2,9.252030933813137e-06,3.132783500000002,2.296177,-1.0461770000000001
shipped,17,50,2,25,8,8,8,15n,1,-2,7.766537827714963e-07,7.567074599999999,2.591414205,-1.191414205
shipped,17,100,10,25,8,8,8,15n,1,-2,5.2118455425749025e-06,23.492963000000003,2.5565334999999947,-1.1565334999999948
shipped,17,200,10,125,8,8,8,15n,1,-2,1.5731348907589817e-05,5.981991500000006,2.264753999999982,-1.0147539999999822
shipped,17,200,2,125,8,8,8,15n,1,-2,9.340913241299454e-06,3.530944500000004,2.315310000000011,-1.0653100000000109
shipped,18,50,2,25,8,8,8,15n,1,-2,7.830737694514783e-07,7.239416800000002,2.8570577,-1.4570577
shipped,18,100,10,25,8,8,8,15n,1,-2,5.273924890921758e-06,23.51425,2.6244162,-1.2244162000000003
shipped,18,200,10,125,8,8,8,15n,1,-2,1.561342235734523e-05,5.934112999999996,2.23560999999998,-0.9856099999999799
shipped,18,200,2,125,8,8,8,15n,1,-2,9.411597829922348e-06,4.215138499999995,2.3108950000000164,-1.0608950000000164
shipped,19,50,2,25,8,8,8,15n,1,-2,8.864982631806129e-07,6.066596000000004,2.8436570399999996,-1.4436570399999997
shipped,19,100,10,25,8,8,8,15n,1,-2,5.331596850983126e-06,23.103052000000005,2.544832700000002,-1.144832700000002
shipped,19,200,10,125,8,8,8,15n,1,-2,1.632241882691199e-05,5.677181500000004,2.3216620000000034,-1.0716620000000034
shipped,19,200,2,125,8,8,8,15n,1,-2,9.70811916718042e-06,6.234079500000007,2.335893999999996,-1.0858939999999961
shipped,20,50,2,25,8,8,8,15n,1,-2,8.080455859850183e-07,6.889374799999998,2.793582973,-1.393582973
shipped,20,100,10,25,8,8,8,15n,1,-2,5.271402882969867e-06,23.369372999999996,2.5742308000000036,-1.1742308000000037
shipped,20,200,10,125,8,8,8,15n,1,-2,1.5875237536856178e-05,5.903551500000005,2.265456999999998,-1.0154569999999978
shipped,20,200,2,125,8,8,8,15n,1,-2,9.466290721609984e-06,4.365528499999996,2.3174040000000105,-1.0674040000000105
shipped,21,50,2,25,8,8,8,15n,1,-2,8.326000403170777e-07,6.487290200000005,2.79833016,-1.39833016
shipped,21,100,10,25,8,8,8,15n,1,-2,5.30434290191522e-06,23.264382999999995,2.564812700000006,-1.164812700000006
shipped,21,200,10,125,8,8,8,15n,1,-2,1.6033880623618112e-05,5.848921500000004,2.2836169999999925,-1.0336169999999925
shipped,21,200,2,125,8,8,8,15n,1,-2,9.519462888111225e-06,4.7185925,2.323976000000016,-1.073976000000016
shipped,22,50,2,25,8,8,8,15n,1,-2,7.351036917566737e-07,8.126327599999996,2.592887535,-1.192887535
shipped,22,100,10,25,8,8,8,15n,1,-2,5.122684446469722e-06,23.667449000000005,2.5511279000000058,-1.1511279000000059
shipped,22,200,10,125,8,8,8,15n,1,-2,1.5497715388902913e-05,6.053948500000003,2.2439589999999896,-0.9939589999999896
shipped,22,200,2,125,8,8,8,15n,1,-2,9.247479004442573e-06,3.0810100000000062,2.30098000000001,-1.0509800000000098
shipped,23,50,2,25,8,8,8,15n,1,-2,8.292423152001765e-07,6.4035746,2.8503905899999995,-1.4503905899999996
shipped,23,100,10,25,8,8,8,15n,1,-2,5.303691733846188e-06,23.295345999999995,2.594506799999999,-1.1945067999999992
shipped,23,200,10,125,8,8,8,15n,1,-2,1.594683183173542e-05,5.8364435000000014,2.26933600000001,-1.0193360000000098
shipped,23,200,2,125,8,8,8,15n,1,-2,9.54455700808724e-06,5.029014500000002,2.3202479999999923,-1.0702479999999923
device_mc_SHIPPED,0,50,2,25,8,8,1,25n,1,-2,7.271480067686812e-07,10.1719564,2.29175391627,-0.89175391627
device_mc_SHIPPED,0,100,10,25,8,8,1,25n,1,-2,5.9341918122485316e-06,23.638364999999993,2.274721699999995,-0.8747216999999949
device_mc_SHIPPED,0,200,10,125,8,8,1,25n,1,-2,1.541681241359449e-05,6.051254499999999,1.9728389999999933,-0.7228389999999933
device_mc_SHIPPED,0,200,2,125,8,8,1,25n,1,-2,9.276103262902488e-06,2.852458999999996,2.0246669999999938,-0.7746669999999938
device_mc_SHIPPED,1,50,2,25,8,8,1,25n,1,-2,6.970851400151681e-07,10.213884399999998,2.3267399409999996,-0.9267399409999999
device_mc_SHIPPED,1,100,10,25,8,8,1,25n,1,-2,5.910686871395561e-06,23.738184000000004,2.266438500000001,-0.866438500000001
device_mc_SHIPPED,1,200,10,125,8,8,1,25n,1,-2,1.526294996937165e-05,6.088020999999998,1.9482589999999789,-0.6982589999999789
device_mc_SHIPPED,1,200,2,125,8,8,1,25n,1,-2,9.206328276052698e-06,2.8306474999999978,2.0078040000000072,-0.7578040000000072
device_mc_SHIPPED,2,50,2,25,8,8,1,25n,1,-2,6.633329371093069e-07,10.264443400000005,2.360762613,-0.960762613
device_mc_SHIPPED,2,100,10,25,8,8,1,25n,1,-2,5.871034510815774e-06,23.881488000000004,2.260523200000003,-0.8605232000000029
device_mc_SHIPPED,2,200,10,125,8,8,1,25n,1,-2,1.5065012073215607e-05,6.142547500000006,1.9254339999999956,-0.6754339999999956
device_mc_SHIPPED,2,200,2,125,8,8,1,25n,1,-2,9.128484549832544e-06,2.8156915,1.987245999999999,-0.737245999999999
device_mc_SHIPPED,3,50,2,25,8,8,1,25n,1,-2,8.288848207407224e-07,9.858424200000002,2.6600655199999994,-1.2600655199999995
device_mc_SHIPPED,3,100,10,25,8,8,1,25n,1,-2,6.0271067122008485e-06,23.215269000000006,2.3350711000000017,-0.9350711000000018
device_mc_SHIPPED,3,200,10,125,8,8,1,25n,1,-2,1.589037436316803e-05,5.805092000000002,2.0051679999999976,-0.7551679999999976
device_mc_SHIPPED,3,200,2,125,8,8,1,25n,1,-2,9.639528812332445e-06,2.9760054999999994,2.051165999999995,-0.8011659999999949
device_mc_SHIPPED,4,50,2,25,8,8,1,25n,1,-2,7.290861741833332e-07,10.083350800000005,2.673765541,-1.273765541
device_mc_SHIPPED,4,100,10,25,8,8,1,25n,1,-2,5.916721653635098e-06,23.593233999999992,2.293102200000001,-0.8931022000000013
device_mc_SHIPPED,4,200,10,125,8,8,1,25n,1,-2,1.540849395841022e-05,6.009042500000008,1.9557059999999922,-0.7057059999999922
device_mc_SHIPPED,4,200,2,125,8,8,1,25n,1,-2,9.35521994131544e-06,2.8518760000000043,2.0128340000000122,-0.7628340000000122
device_mc_SHIPPED,5,50,2,25,8,8,1,25n,1,-2,7.149020095291863e-07,10.156718999999995,2.466533756,-1.066533756
device_mc_SHIPPED,5,100,10,25,8,8,1,25n,1,-2,5.916060442756535e-06,23.647769999999994,2.2792972000000034,-0.8792972000000034
device_mc_SHIPPED,5,200,10,125,8,8,1,25n,1,-2,1.5353134146542036e-05,6.0515319999999955,1.9529959999999846,-0.7029959999999846
device_mc_SHIPPED,5,200,2,125,8,8,1,25n,1,-2,9.283670885982013e-06,2.8421029999999945,2.009393000000017,-0.7593930000000171
device_mc_SHIPPED,6,50,2,25,8,8,1,25n,1,-2,6.198162833781404e-07,10.337315599999997,2.340445387,-0.940445387
device_mc_SHIPPED,6,100,10,25,8,8,1,25n,1,-2,5.817809968579454e-06,24.038799999999995,2.2469176999999987,-0.8469176999999988
device_mc_SHIPPED,6,200,10,125,8,8,1,25n,1,-2,1.478948361211941e-05,6.222386,1.8950209999999998,-0.6450209999999998
device_mc_SHIPPED,6,200,2,125,8,8,1,25n,1,-2,8.991468922850554e-06,2.8225110000000058,1.9673659999999984,-0.7173659999999984
device_mc_SHIPPED,7,50,2,25,8,8,1,25n,1,-2,7.610847982538934e-07,10.044154800000001,2.5851336949999997,-1.185133695
device_mc_SHIPPED,7,100,10,25,8,8,1,25n,1,-2,5.9588479189482695e-06,23.465269000000006,2.2973624999999998,-0.8973624999999998
device_mc_SHIPPED,7,200,10,125,8,8,1,25n,1,-2,1.5576645370752466e-05,5.965357499999995,1.9738940000000014,-0.7238940000000014
device_mc_SHIPPED,7,200,2,125,8,8,1,25n,1,-2,9.429589810282278e-06,2.8898319999999984,2.0265039999999885,-0.7765039999999885
device_mc_SHIPPED,8,50,2,25,8,8,1,25n,1,-2,7.419562884173082e-07,10.107312800000003,2.475510145,-1.075510145
device_mc_SHIPPED,8,100,10,25,8,8,1,25n,1,-2,5.944452156656261e-06,23.557129000000003,2.2868969000000035,-0.8868969000000035
device_mc_SHIPPED,8,200,10,125,8,8,1,25n,1,-2,1.548899440901276e-05,6.008131000000005,1.9678120000000092,-0.7178120000000092
device_mc_SHIPPED,8,200,2,125,8,8,1,25n,1,-2,9.357985186392814e-06,2.8680650000000014,2.022974000000005,-0.7729740000000049
device_mc_SHIPPED,9,50,2,25,8,8,1,25n,1,-2,7.655960355500493e-07,9.9876048,2.6719047799999998,-1.2719047799999998
device_mc_SHIPPED,9,100,10,25,8,8,1,25n,1,-2,5.945103329933566e-06,23.465036,2.310141199999998,-0.9101411999999982
device_mc_SHIPPED,9,200,10,125,8,8,1,25n,1,-2,1.5572341200191675e-05,5.933122999999995,1.9703149999999994,-0.7203149999999994
device_mc_SHIPPED,9,200,2,125,8,8,1,25n,1,-2,9.466687158954353e-06,2.8967614999999967,2.027103000000011,-0.777103000000011
device_mc_SHIPPED,10,50,2,25,8,8,1,25n,1,-2,7.8771274758045e-07,10.0023822,2.540288062,-1.140288062
device_mc_SHIPPED,10,100,10,25,8,8,1,25n,1,-2,5.9950371520609545e-06,23.368606,2.3052504,-0.9052503999999999
device_mc_SHIPPED,10,200,10,125,8,8,1,25n,1,-2,1.5713472191207786e-05,5.923362499999996,1.9925280000000214,-0.7425280000000214
device_mc_SHIPPED,10,200,2,125,8,8,1,25n,1,-2,9.486369087324653e-06,2.9194669999999974,2.0422829999999976,-0.7922829999999976
device_mc_SHIPPED,11,50,2,25,8,8,1,25n,1,-2,7.441711798420805e-07,10.084255400000004,2.555496839,-1.155496839
device_mc_SHIPPED,11,100,10,25,8,8,1,25n,1,-2,5.9401570102873526e-06,23.52955900000001,2.290607799999998,-0.890607799999998
device_mc_SHIPPED,11,200,10,125,8,8,1,25n,1,-2,1.5494485214116466e-05,5.996088499999998,1.9663050000000055,-0.7163050000000055
device_mc_SHIPPED,11,200,2,125,8,8,1,25n,1,-2,9.374997378810968e-06,2.870234499999995,2.0191489999999988,-0.7691489999999988
device_mc_SHIPPED,12,50,2,25,8,8,1,25n,1,-2,7.795677215011233e-07,9.985761800000006,2.660028132,-1.260028132
device_mc_SHIPPED,12,100,10,25,8,8,1,25n,1,-2,5.976238522588672e-06,23.401863000000006,2.3076750999999986,-0.9076750999999987
device_mc_SHIPPED,12,200,10,125,8,8,1,25n,1,-2,1.56614197694898e-05,5.923119999999996,1.9818509999999776,-0.7318509999999776
device_mc_SHIPPED,12,200,2,125,8,8,1,25n,1,-2,9.490563207553054e-06,2.9130679999999955,2.032393000000013,-0.7823930000000132
device_mc_SHIPPED,13,50,2,25,8,8,1,25n,1,-2,6.651536047864581e-07,10.287565799999996,2.197924497,-0.797924497
device_mc_SHIPPED,13,100,10,25,8,8,1,25n,1,-2,5.873166981660958e-06,23.895253999999994,2.2515648999999995,-0.8515648999999996
device_mc_SHIPPED,13,200,10,125,8,8,1,25n,1,-2,1.507237690642157e-05,6.144690999999995,1.9344469999999774,-0.6844469999999774
device_mc_SHIPPED,13,200,2,125,8,8,1,25n,1,-2,9.084414260992102e-06,2.818237499999995,1.9973600000000005,-0.7473600000000005
device_mc_SHIPPED,14,50,2,25,8,8,1,25n,1,-2,7.841240686998115e-07,9.958307199999993,2.6666814700000008,-1.2666814700000009
device_mc_SHIPPED,14,100,10,25,8,8,1,25n,1,-2,5.972810282297164e-06,23.371635999999995,2.315988800000001,-0.9159888000000009
device_mc_SHIPPED,14,200,10,125,8,8,1,25n,1,-2,1.566950033967326e-05,5.900698500000004,1.98034100000001,-0.7303410000000099
device_mc_SHIPPED,14,200,2,125,8,8,1,25n,1,-2,9.516376962487058e-06,2.9213385000000045,2.032956000000013,-0.7829560000000129
device_mc_SHIPPED,15,50,2,25,8,8,1,25n,1,-2,7.56813994648105e-07,10.023543599999996,2.6692175599999994,-1.2692175599999995
device_mc_SHIPPED,15,100,10,25,8,8,1,25n,1,-2,5.944971079087887e-06,23.477503,2.3011927000000028,-0.9011927000000028
device_mc_SHIPPED,15,200,10,125,8,8,1,25n,1,-2,1.5544953558068968e-05,5.9581005000000005,1.967807999999991,-0.7178079999999909
device_mc_SHIPPED,15,200,2,125,8,8,1,25n,1,-2,9.435822576857822e-06,2.8850895000000065,2.0219319999999925,-0.7719319999999925
device_mc_SHIPPED,16,50,2,25,8,8,1,25n,1,-2,6.921672136996017e-07,10.180028399999998,2.5386562579999996,-1.138656258
device_mc_SHIPPED,16,100,10,25,8,8,1,25n,1,-2,5.886388881428477e-06,23.760295,2.2768783999999953,-0.8768783999999954
device_mc_SHIPPED,16,200,10,125,8,8,1,25n,1,-2,1.522825131325485e-05,6.081962500000003,1.935604000000012,-0.6856040000000121
device_mc_SHIPPED,16,200,2,125,8,8,1,25n,1,-2,9.244933467438981e-06,2.822950000000006,1.998583999999994,-0.7485839999999939
device_mc_SHIPPED,17,50,2,25,8,8,1,25n,1,-2,7.480400771780838e-07,10.114909999999995,2.3941259539999997,-0.994125954
device_mc_SHIPPED,17,100,10,25,8,8,1,25n,1,-2,5.952052180569544e-06,23.531709000000006,2.284992699999998,-0.884992699999998
device_mc_SHIPPED,17,200,10,125,8,8,1,25n,1,-2,1.5522780887205757e-05,6.008041500000004,1.9769119999999987,-0.7269119999999987
device_mc_SHIPPED,17,200,2,125,8,8,1,25n,1,-2,9.345993719493773e-06,2.8735300000000024,2.0306810000000155,-0.7806810000000155
device_mc_SHIPPED,18,50,2,25,8,8,1,25n,1,-2,7.470715368245882e-07,10.007020800000006,2.6800508199999995,-1.2800508199999996
device_mc_SHIPPED,18,100,10,25,8,8,1,25n,1,-2,5.917745653133033e-06,23.545028000000002,2.3077934999999967,-0.9077934999999968
device_mc_SHIPPED,18,200,10,125,8,8,1,25n,1,-2,1.5468080716177718e-05,5.954688500000003,1.9623229999999978,-0.7123229999999978
device_mc_SHIPPED,18,200,2,125,8,8,1,25n,1,-2,9.41797116586972e-06,2.8699234999999987,2.0200240000000065,-0.7700240000000065
device_mc_SHIPPED,19,50,2,25,8,8,1,25n,1,-2,8.589167731702904e-07,9.7848142,2.66130577,-1.2613057699999999
device_mc_SHIPPED,19,100,10,25,8,8,1,25n,1,-2,6.055930688778864e-06,23.136228000000003,2.358998000000001,-0.9589980000000011
device_mc_SHIPPED,19,200,10,125,8,8,1,25n,1,-2,1.5996705953617565e-05,5.710270499999992,2.02031599999998,-0.7703159999999798
device_mc_SHIPPED,19,200,2,125,8,8,1,25n,1,-2,9.754210723857368e-06,3.018982500000007,2.061510999999996,-0.8115109999999959
device_mc_SHIPPED,20,50,2,25,8,8,1,25n,1,-2,7.780685034772392e-07,9.995050199999994,2.639945269,-1.2399452690000001
device_mc_SHIPPED,20,100,10,25,8,8,1,25n,1,-2,5.975424712689585e-06,23.406171999999998,2.306425900000002,-0.9064259000000021
device_mc_SHIPPED,20,200,10,125,8,8,1,25n,1,-2,1.5656611560113776e-05,5.929207000000006,1.9812960000000146,-0.7312960000000146
device_mc_SHIPPED,20,200,2,125,8,8,1,25n,1,-2,9.482651006811523e-06,2.910779500000004,2.033112999999986,-0.783112999999986
device_mc_SHIPPED,21,50,2,25,8,8,1,25n,1,-2,8.042684807489529e-07,9.934942399999997,2.647944093,-1.247944093
device_mc_SHIPPED,21,100,10,25,8,8,1,25n,1,-2,6.009974510842845e-06,23.301187999999996,2.3157914000000033,-0.9157914000000034
device_mc_SHIPPED,21,200,10,125,8,8,1,25n,1,-2,1.5787469950886393e-05,5.8791360000000035,1.9979470000000106,-0.7479470000000106
device_mc_SHIPPED,21,200,2,125,8,8,1,25n,1,-2,9.553358700645314e-06,2.941578000000007,2.0440579999999784,-0.7940579999999784
device_mc_SHIPPED,22,50,2,25,8,8,1,25n,1,-2,7.051932450734964e-07,10.189227399999993,2.389307566,-0.9893075659999999
device_mc_SHIPPED,22,100,10,25,8,8,1,25n,1,-2,5.910764770174595e-06,23.707701,2.2716829999999972,-0.8716829999999973
device_mc_SHIPPED,22,200,10,125,8,8,1,25n,1,-2,1.530493527618488e-05,6.073392999999997,1.9494169999999826,-0.6994169999999826
device_mc_SHIPPED,22,200,2,125,8,8,1,25n,1,-2,9.242139506553625e-06,2.835399499999994,2.0071939999999984,-0.7571939999999984
device_mc_SHIPPED,23,50,2,25,8,8,1,25n,1,-2,7.973212562111805e-07,9.920377200000004,2.6687118600000006,-1.2687118600000007
device_mc_SHIPPED,23,100,10,25,8,8,1,25n,1,-2,5.9828404045390875e-06,23.32799,2.3261689000000003,-0.9261689000000004
device_mc_SHIPPED,23,200,10,125,8,8,1,25n,1,-2,1.5718402908017094e-05,5.861075,1.9861959999999783,-0.7361959999999783
device_mc_SHIPPED,23,200,2,125,8,8,1,25n,1,-2,9.56726851347137e-06,2.942715000000007,2.037429000000003,-0.787429000000003
