NPU_LS,NPD_LS,NPD_HS,DT_ns,CLKEN,VNEG,E_on_uJ,E_off_uJ,E_dt_uJ,E_tot_uJ,ov_pct,margin_V,Vgs_spur_V
1,2,1,15,0,0,8.61102,1.17591,0.454497,10.2414,20.9677,-1.6652,3.0652
1,2,1,15,0,-2,6.33069,0.709095,0.356291,7.39608,20.9265,-0.216059,1.61606
1,2,1,15,1,0,5.31458,0.62964,0.647233,6.59145,23.9681,0.933497,0.466503
1,2,1,15,1,-2,6.62469,0.640389,0.666341,7.93142,23.9916,2.97422,-1.57422
1,2,1,25,0,0,8.58636,1.17651,0.412385,10.1753,20.9677,-1.65882,3.05882
1,2,1,25,0,-2,6.31338,0.710465,1.2322,8.25605,20.9265,-0.22796,1.62796
1,2,1,25,1,0,5.27632,0.63109,0.627655,6.53506,23.9681,0.952132,0.447868
1,2,1,25,1,-2,6.6104,0.641647,1.26095,8.513,23.9916,2.97455,-1.57455
1,2,1,5,0,0,13.9186,4.86049,0.0139327,18.793,42.277,-3.2286,4.6286
1,2,1,5,0,-2,5.61446,0.715388,0.119199,6.44904,45.1566,-1.16615,2.56615
1,2,1,5,1,0,5.0706,0.907714,0.0195114,5.99782,62.2936,0.077923,1.32208
1,2,1,5,1,-2,6.32079,0.646162,0.157554,7.12451,35.7807,1.77329,-0.373295
1,2,1,10,0,0,9.12912,1.17252,0.579867,10.8815,18.0036,-1.75996,3.15996
1,2,1,10,0,-2,6.21551,0.706318,0.538396,7.46022,18.6681,-0.218851,1.61885
1,2,1,10,1,0,5.21589,0.629418,0.642706,6.48801,23.9681,0.930468,0.469532
1,2,1,10,1,-2,6.5461,0.639785,0.685654,7.87154,23.9916,2.97866,-1.57866
1,2,4,5,0,0,5.15667,4.86251,0.0418309,10.061,42.2769,-3.22934,4.62934
1,2,4,5,0,-2,6.23929,0.716018,0.199563,7.15487,45.2747,-0.161914,1.56191
1,2,4,5,1,0,5.26381,0.907844,0.0434007,6.21506,62.3016,0.376094,1.02391
1,2,4,5,1,-2,6.69761,0.64621,0.228092,7.57191,35.8133,2.6353,-1.2353
1,2,1,35,0,0,8.5819,1.17777,0.975415,10.7351,20.9677,-1.65881,3.05881
1,2,1,35,0,-2,6.31063,0.712392,2.2035,9.22652,20.9265,-0.227171,1.62717
1,2,1,35,1,0,5.25986,0.632877,1.04724,6.93998,23.9681,0.957502,0.442498
1,2,1,35,1,-2,6.60291,0.642893,2.23291,9.47871,23.9916,2.97455,-1.57455
1,2,4,15,0,0,5.12522,1.17431,0.718241,7.01777,18.8667,-0.18001,1.58001
1,2,4,15,0,-2,6.24192,0.708471,0.749001,7.6994,19.2484,2.10267,-0.702671
1,2,4,15,1,0,5.26952,0.629951,0.681652,6.58112,23.9433,1.02674,0.373259
1,2,4,15,1,-2,6.64252,0.640275,0.754505,8.0373,23.9721,3.02405,-1.62405
1,2,4,10,0,0,5.12622,1.17232,0.719668,7.01821,18.0012,-0.180114,1.58011
1,2,4,10,0,-2,6.22624,0.707257,0.788186,7.72168,17.7753,2.10066,-0.700664
1,2,4,10,1,0,5.30856,0.629451,0.678935,6.61694,23.9433,1.00038,0.39962
1,2,4,10,1,-2,6.65441,0.639761,0.773415,8.06759,23.9721,3.02019,-1.62019
1,2,4,25,0,0,5.12221,1.17468,0.705774,7.00267,18.8667,-0.180093,1.58009
1,2,4,25,0,-2,6.23393,0.70974,1.36377,8.30744,19.2484,2.10189,-0.701887
1,2,4,25,1,0,5.27986,0.63232,0.662834,6.57501,23.9433,1.01896,0.381044
1,2,4,25,1,-2,6.63325,0.641703,1.34566,8.62062,23.9721,3.02385,-1.62385
1,2,4,35,0,0,5.11918,1.17528,1.0297,7.32416,18.8667,-0.180134,1.58013
1,2,4,35,0,-2,6.22798,0.711242,2.33614,9.27536,19.2484,2.10178,-0.701783
1,2,4,35,1,0,5.27535,0.63492,1.07674,6.98701,23.9433,1.01904,0.380955
1,2,4,35,1,-2,6.62919,0.642949,2.31757,9.58971,23.9721,3.02356,-1.62356
1,2,8,5,0,0,5.1762,4.86136,0.0792696,10.1168,42.2796,-3.22668,4.62668
1,2,8,5,0,-2,6.48469,0.716452,0.245592,7.44674,45.5401,-0.171679,1.57168
1,2,8,5,1,0,5.33941,0.907959,0.0794853,6.32685,62.3091,0.376112,1.02389
1,2,8,5,1,-2,6.67045,0.646263,0.273936,7.59065,35.8452,2.63534,-1.23534
1,2,8,10,0,0,5.12755,1.1722,0.754038,7.05378,18.0007,0.0464868,1.35351
1,2,8,10,0,-2,6.44185,0.707718,0.827229,7.97679,17.7128,2.68894,-1.28894
1,2,8,10,1,0,5.23887,0.629474,0.711784,6.58013,23.9179,1.10447,0.295533
1,2,8,10,1,-2,6.62762,0.639728,0.815865,8.08321,23.952,3.07669,-1.67669
1,2,8,15,0,0,5.15274,1.17427,0.77655,7.10356,18.7935,0.55043,0.84957
1,2,8,15,0,-2,6.44444,0.708396,0.808088,7.96092,18.3553,2.69006,-1.29006
1,2,8,15,1,0,5.3389,0.630301,0.714618,6.68382,23.9179,1.05466,0.345344
1,2,8,15,1,-2,6.64452,0.640159,0.796214,8.08089,23.952,3.07446,-1.67446
1,2,8,35,0,0,5.13866,1.17363,1.04333,7.35562,18.7935,0.551116,0.848884
1,2,8,35,0,-2,6.43411,0.710473,2.3555,9.50008,18.3553,2.68952,-1.28952
1,2,8,35,1,0,5.28815,0.637551,1.10435,7.03005,23.9179,1.07747,0.322534
1,2,8,35,1,-2,6.65507,0.643122,2.3563,9.65448,23.952,3.07274,-1.67274
1,2,8,25,0,0,5.14449,1.1738,0.760586,7.07888,18.7935,0.550754,0.849246
1,2,8,25,0,-2,6.4387,0.709278,1.38322,8.5312,18.3553,2.68993,-1.28993
1,2,8,25,1,0,5.30073,0.634175,0.697189,6.6321,23.9179,1.07177,0.328232
1,2,8,25,1,-2,6.66086,0.641891,1.38414,8.68689,23.952,3.07257,-1.67257
1,8,1,5,0,0,13.9177,0.636152,0.574259,15.1281,21.6286,-2.19413,3.59413
1,8,1,5,0,-2,5.61307,0.610833,0.547482,6.77138,23.6271,-1.1662,2.5662
1,8,1,5,1,0,5.06948,0.636735,0.580345,6.28656,21.4439,0.078982,1.32102
1,8,1,5,1,-2,6.3194,0.611181,0.558877,7.48946,23.3679,1.77329,-0.373292
1,8,1,10,0,0,9.12484,0.63388,0.350683,10.1094,23.5213,-1.75989,3.15989
1,8,1,10,0,-2,6.21412,0.608034,0.28795,7.1101,25.8969,-0.219186,1.61919
1,8,1,10,1,0,5.21491,0.636143,0.568285,6.41934,22.1557,0.930541,0.469459
1,8,1,10,1,-2,6.54478,0.609791,0.527581,7.68216,23.521,2.97864,-1.57864
1,8,1,15,0,0,8.60731,0.633631,0.203273,9.44421,23.5213,-1.66518,3.06518
1,8,1,15,0,-2,6.32917,0.609132,0.419422,7.35773,25.8969,-0.215826,1.61583
1,8,1,15,1,0,5.31321,0.636349,0.565785,6.51534,22.1557,0.933482,0.466518
1,8,1,15,1,-2,6.62311,0.611242,0.524317,7.75867,23.521,2.97423,-1.57423
1,8,1,25,0,0,8.58274,0.631974,0.574482,9.7892,23.5213,-1.6588,3.0588
1,8,1,25,0,-2,6.31187,0.608921,1.39509,8.31589,25.8969,-0.227835,1.62784
1,8,1,25,1,0,5.27491,0.637019,0.563446,6.47537,22.1557,0.952257,0.447743
1,8,1,25,1,-2,6.60884,0.612026,1.40721,8.62807,23.521,2.97455,-1.57455
1,8,1,35,0,0,8.57825,0.630083,1.13823,10.3466,23.5213,-1.65879,3.05879
1,8,1,35,0,-2,6.30912,0.609404,2.36812,9.28664,25.8969,-0.227016,1.62702
1,8,1,35,1,0,5.25842,0.636589,1.1276,7.02261,22.1557,0.957613,0.442387
1,8,1,35,1,-2,6.60134,0.613049,2.3806,9.59499,23.521,2.97454,-1.57454
1,8,4,5,0,0,5.1551,0.636048,0.602959,6.39411,21.6223,-0.197039,1.59704
1,8,4,5,0,-2,6.23831,0.610695,0.628567,7.47757,23.5047,2.09269,-0.692687
1,8,4,5,1,0,5.26265,0.636733,0.604242,6.50363,21.4368,1.02823,0.371767
1,8,4,5,1,-2,6.69606,0.611181,0.629438,7.93668,23.3522,3.02007,-1.62007
1,8,4,10,0,0,5.12366,0.634828,0.565655,6.32414,22.5266,-0.180103,1.5801
1,8,4,10,0,-2,6.22453,0.609221,0.590762,7.42451,23.9942,2.1008,-0.7008
1,8,4,10,1,0,5.30715,0.636343,0.604208,6.5477,22.1335,1.00041,0.399591
1,8,4,10,1,-2,6.65281,0.60985,0.615606,7.87826,23.5028,3.0202,-1.6202
1,8,4,25,0,0,5.11962,0.6331,0.625999,6.37872,22.5266,-0.180164,1.58016
1,8,4,25,0,-2,6.23241,0.609338,1.52624,8.36799,23.9942,2.10183,-0.701832
1,8,4,25,1,0,5.27844,0.637112,0.59398,6.50954,22.1335,1.01899,0.381014
1,8,4,25,1,-2,6.63169,0.612438,1.49222,8.73635,23.5028,3.02384,-1.62384
1,8,4,15,0,0,5.12263,0.634274,0.563755,6.32066,22.5266,-0.1801,1.5801
1,8,4,15,0,-2,6.24035,0.609531,0.589606,7.43949,23.9942,2.10238,-0.702381
1,8,4,15,1,0,5.26803,0.636716,0.599483,6.50423,22.1335,1.02685,0.373147
1,8,4,15,1,-2,6.64096,0.611503,0.613103,7.86557,23.5028,3.02406,-1.62406
1,8,4,35,0,0,5.1166,0.631199,1.18985,6.93764,22.5266,-0.1802,1.5802
1,8,4,35,0,-2,6.22649,0.609633,2.49939,9.33552,23.9942,2.10177,-0.70177
1,8,4,35,1,0,5.27394,0.636325,1.15783,7.06809,22.1335,1.01907,0.380929
1,8,4,35,1,-2,6.62761,0.613595,2.46546,9.70666,23.5028,3.02355,-1.62355
1,8,8,5,0,0,5.17421,0.636048,0.640826,6.45108,21.5887,0.544106,0.855894
1,8,8,5,0,-2,6.48296,0.610804,0.674814,7.76857,23.4365,2.68423,-1.28423
1,8,8,5,1,0,5.33746,0.636726,0.640466,6.61466,21.4295,1.0472,0.352796
1,8,8,5,1,-2,6.66904,0.61118,0.675313,7.95553,23.336,3.07464,-1.67464
1,8,8,10,0,0,5.12488,0.634876,0.625053,6.3848,22.395,0.552778,0.847222
1,8,8,10,0,-2,6.44014,0.609285,0.647939,7.69736,23.5964,2.68897,-1.28897
1,8,8,10,1,0,5.23745,0.636561,0.63657,6.51058,22.1108,1.10446,0.295542
1,8,8,10,1,-2,6.62626,0.609923,0.658887,7.89507,23.4842,3.07663,-1.67663
1,8,8,15,0,0,5.14985,0.634794,0.619651,6.4043,22.395,0.550122,0.849878
1,8,8,15,0,-2,6.44291,0.60986,0.64519,7.69796,23.5964,2.69011,-1.29011
1,8,8,15,1,0,5.3375,0.637161,0.631907,6.60657,22.1108,1.05469,0.345309
1,8,8,15,1,-2,6.64295,0.611812,0.655655,7.91041,23.4842,3.07446,-1.67446
1,8,8,25,0,0,5.14165,0.634472,0.639159,6.41528,22.395,0.55074,0.84926
1,8,8,25,0,-2,6.43697,0.610006,1.54567,8.59265,23.5964,2.68958,-1.28958
1,8,8,25,1,0,5.29921,0.637284,0.622273,6.55877,22.1108,1.07185,0.328149
1,8,8,25,1,-2,6.65928,0.612884,1.53128,8.80345,23.4842,3.07258,-1.67258
1,8,8,35,0,0,5.13585,0.633963,1.20307,6.97288,22.395,0.551165,0.848835
1,8,8,35,0,-2,6.43261,0.610455,2.5188,9.56186,23.5964,2.68945,-1.28945
1,8,8,35,1,0,5.28663,0.635063,1.18657,7.10826,22.1108,1.07755,0.322447
1,8,8,35,1,-2,6.65351,0.614157,2.50438,9.77205,23.4842,3.07277,-1.67277
2,2,1,5,0,0,14.349,4.86044,0.013934,19.2234,42.2769,-3.2285,4.6285
2,2,1,5,0,-2,5.20037,0.715439,0.12081,6.03662,44.8594,-1.8237,3.2237
2,2,1,5,1,0,4.27812,0.907625,0.0195138,5.20526,62.291,0.077924,1.32208
2,2,1,5,1,-2,5.57165,0.646195,0.157579,6.37543,35.7782,1.77329,-0.373295
2,2,1,10,0,0,8.31451,1.17268,0.579887,10.0671,18.0041,-2.22671,3.62671
2,2,1,10,0,-2,4.95556,0.706405,0.538168,6.20013,18.682,-0.650672,2.05067
2,2,1,10,1,0,3.88009,0.62937,0.642706,5.15216,23.9682,0.797837,0.602163
2,2,1,10,1,-2,5.23921,0.639819,0.685689,6.56472,23.9911,2.88821,-1.48821
2,2,1,15,0,0,7.25133,1.17607,0.454477,8.88188,20.9684,-2.06379,3.46379
2,2,1,15,0,-2,5.19437,0.709186,0.35565,6.2592,20.9235,-0.536464,1.93646
2,2,1,15,1,0,3.99468,0.629591,0.647232,5.2715,23.9682,0.849305,0.550695
2,2,1,15,1,-2,5.26143,0.640423,0.666336,6.56819,23.9911,2.88554,-1.48554
2,2,1,25,0,0,7.19511,1.17668,0.412424,8.78422,20.9684,-2.04675,3.44675
2,2,1,25,0,-2,5.19118,0.71056,1.23267,7.13442,20.9235,-0.559413,1.95941
2,2,1,25,1,0,3.98024,0.631041,0.627654,5.23894,23.9682,0.869483,0.530517
2,2,1,25,1,-2,5.27779,0.641681,1.26099,7.18046,23.9911,2.89586,-1.49586
2,2,1,35,0,0,7.19168,1.17793,0.97547,9.34508,20.9684,-2.04673,3.44673
2,2,1,35,0,-2,5.18857,0.712507,2.20398,8.10506,20.9235,-0.558703,1.9587
2,2,1,35,1,0,3.97886,0.632828,1.04728,5.65896,23.9682,0.880816,0.519184
2,2,1,35,1,-2,5.27327,0.642927,2.23296,8.14916,23.9911,2.89588,-1.49588
2,2,4,5,0,0,4.00469,4.86231,0.0416754,8.90868,42.2768,-3.22925,4.62925
2,2,4,5,0,-2,5.1012,0.716003,0.199278,6.01648,45.27,-0.161762,1.56176
2,2,4,5,1,0,3.95428,0.907755,0.0432748,4.90531,62.299,0.376124,1.02388
2,2,4,5,1,-2,5.2282,0.646239,0.228118,6.10256,35.8107,2.63534,-1.23534
2,2,4,10,0,0,3.92681,1.17234,0.719689,5.81884,18.002,-0.373903,1.7739
2,2,4,10,0,-2,4.97382,0.707243,0.788181,6.46925,17.7752,2.00726,-0.60726
2,2,4,10,1,0,3.98204,0.629402,0.678936,5.29038,23.9434,0.91005,0.48995
2,2,4,10,1,-2,5.24521,0.639791,0.772964,6.65796,23.9716,2.92061,-1.52061
2,2,4,15,0,0,3.92586,1.17433,0.718413,5.81861,18.867,-0.375624,1.77562
2,2,4,15,0,-2,4.98952,0.708457,0.749299,6.44728,19.2484,2.0022,-0.602205
2,2,4,15,1,0,4.02883,0.629902,0.681651,5.34039,23.9434,0.982669,0.417331
2,2,4,15,1,-2,5.31202,0.640305,0.754501,6.70683,23.9716,2.95487,-1.55487
2,2,4,25,0,0,3.92398,1.1747,0.70577,5.80445,18.867,-0.375689,1.77569
2,2,4,25,0,-2,4.98469,0.709725,1.36381,7.05822,19.2484,2.00186,-0.601861
2,2,4,25,1,0,4.00887,0.632271,0.662834,5.30398,23.9434,0.957532,0.442468
2,2,4,25,1,-2,5.29961,0.641732,1.3457,7.28704,23.9716,2.9554,-1.5554
2,2,4,35,0,0,3.92197,1.17529,1.02974,6.127,18.867,-0.375729,1.77573
2,2,4,35,0,-2,4.98019,0.711228,2.33619,8.02761,19.2484,2.00172,-0.60172
2,2,4,35,1,0,4.00087,0.634871,1.07678,5.71252,23.9434,0.953227,0.446773
2,2,4,35,1,-2,5.29194,0.642978,2.31763,8.25254,23.9716,2.95581,-1.55581
2,2,8,5,0,0,3.88424,4.86113,0.0794336,8.82481,42.2794,-3.22658,4.62658
2,2,8,5,0,-2,5.08452,0.716376,0.24562,6.04652,45.5355,-0.171525,1.57153
2,2,8,5,1,0,4.07779,0.907872,0.0796181,5.06528,62.3064,0.376141,1.02386
2,2,8,5,1,-2,5.38608,0.646288,0.273963,6.30633,35.8427,2.63537,-1.23537
2,2,8,10,0,0,3.89741,1.17219,0.75406,5.82366,18.0014,0.0465528,1.35345
2,2,8,10,0,-2,5.13243,0.707641,0.827226,6.6673,17.7127,2.56722,-1.16722
2,2,8,10,1,0,4.01994,0.629427,0.711785,5.36115,23.918,1.04804,0.351958
2,2,8,10,1,-2,5.36864,0.639754,0.815864,6.82426,23.9515,3.00861,-1.60861
2,2,8,15,0,0,3.90816,1.17427,0.776548,5.85897,18.7938,0.552475,0.847525
2,2,8,15,0,-2,5.16648,0.708318,0.808083,6.68288,18.3553,2.56416,-1.16416
2,2,8,15,1,0,3.98611,0.630256,0.714618,5.33098,23.918,0.966053,0.433947
2,2,8,15,1,-2,5.33234,0.640185,0.796211,6.76873,23.9515,3.0152,-1.6152
2,2,8,25,0,0,3.90391,1.17379,0.760583,5.83828,18.7938,0.552504,0.847496
2,2,8,25,0,-2,5.15965,0.709201,1.38327,7.25212,18.3553,2.56395,-1.16395
2,2,8,25,1,0,3.9947,0.634129,0.697189,5.32601,23.918,0.995809,0.404191
2,2,8,25,1,-2,5.31127,0.641918,1.38418,7.33736,23.9515,3.01713,-1.61713
2,2,8,35,0,0,3.90073,1.17363,1.04338,6.11774,18.7938,0.552517,0.847483
2,2,8,35,0,-2,5.15398,0.710396,2.35555,8.21993,18.3553,2.56433,-1.16433
2,2,8,35,1,0,4.00878,0.637505,1.10439,5.75068,23.918,1.01307,0.386927
2,2,8,35,1,-2,5.30889,0.643148,2.35635,8.30839,23.9515,3.01688,-1.61688
2,8,1,5,0,0,14.3338,0.636282,0.574265,15.5444,21.6283,-2.92939,4.32939
2,8,1,5,0,-2,5.19957,0.610806,0.546574,6.35694,23.6322,-1.82383,3.22383
2,8,1,5,1,0,4.27689,0.636686,0.580347,5.49392,21.4439,0.078983,1.32102
2,8,1,5,1,-2,5.57052,0.61121,0.558871,6.7406,23.368,1.77329,-0.373293
2,8,1,10,0,0,8.31095,0.63401,0.350667,9.29562,23.5212,-2.22675,3.62675
2,8,1,10,0,-2,4.95376,0.608026,0.286639,5.84843,25.9004,-0.651036,2.05104
2,8,1,10,1,0,3.87904,0.636094,0.568281,5.08342,22.1557,0.797575,0.602425
2,8,1,10,1,-2,5.23809,0.609819,0.527573,6.37548,23.5211,2.88816,-1.48816
2,8,1,15,0,0,7.24796,0.633761,0.203409,8.08513,23.5212,-2.06373,3.46373
2,8,1,15,0,-2,5.19329,0.609128,0.42093,6.22335,25.9004,-0.536357,1.93636
2,8,1,15,1,0,3.99329,0.6363,0.565783,5.19537,22.1557,0.848868,0.551132
2,8,1,15,1,-2,5.26022,0.61127,0.524309,6.3958,23.5211,2.88551,-1.48551
2,8,1,25,0,0,7.1921,0.632104,0.574522,8.39873,23.5212,-2.04674,3.44674
2,8,1,25,0,-2,5.19003,0.608946,1.39625,7.19523,25.9004,-0.559243,1.95924
2,8,1,25,1,0,3.97906,0.636978,0.563477,5.17952,22.1557,0.869275,0.530725
2,8,1,25,1,-2,5.27653,0.612055,1.40725,7.29583,23.5211,2.89586,-1.49586
2,8,1,35,0,0,7.18867,0.630213,1.13829,8.95717,23.5212,-2.04673,3.44673
2,8,1,35,0,-2,5.18743,0.609459,2.36929,8.16618,25.9004,-0.558532,1.95853
2,8,1,35,1,0,3.97774,0.63654,1.12765,5.74193,22.1557,0.880683,0.519317
2,8,1,35,1,-2,5.27203,0.613077,2.38066,8.26577,23.5211,2.89589,-1.49589
2,8,4,5,0,0,4.00312,0.636041,0.602961,5.24212,21.6223,-0.384786,1.78479
2,8,4,5,0,-2,5.09952,0.610674,0.628562,6.33875,23.5048,1.94621,-0.546211
2,8,4,5,1,0,3.95359,0.636684,0.604245,5.19452,21.4367,0.915193,0.484807
2,8,4,5,1,-2,5.22709,0.611205,0.629434,6.46773,23.3523,2.89736,-1.49736
2,8,4,10,0,0,3.92499,0.63482,0.565651,5.12546,22.5264,-0.373917,1.77392
2,8,4,10,0,-2,4.97274,0.6092,0.590755,6.17269,23.9942,2.00739,-0.607395
2,8,4,10,1,0,3.98103,0.636294,0.604205,5.22153,22.1334,0.910049,0.489951
2,8,4,10,1,-2,5.24439,0.609874,0.6156,6.46987,23.5029,2.92083,-1.52083
2,8,4,15,0,0,3.9241,0.634267,0.563753,5.12212,22.5264,-0.375666,1.77567
2,8,4,15,0,-2,4.98813,0.60951,0.589599,6.18724,23.9942,2.00196,-0.601958
2,8,4,15,1,0,4.02776,0.636667,0.599585,5.26401,22.1334,0.982648,0.417352
2,8,4,15,1,-2,5.31078,0.611528,0.613096,6.5354,23.5029,2.95486,-1.55486
2,8,4,25,0,0,3.92222,0.633094,0.626029,5.18134,22.5264,-0.375728,1.77573
2,8,4,25,0,-2,4.98338,0.609317,1.52629,7.11898,23.9942,2.00178,-0.601777
2,8,4,25,1,0,4.00782,0.637064,0.594012,5.2389,22.1334,0.957505,0.442495
2,8,4,25,1,-2,5.29838,0.612463,1.49227,7.40311,23.5029,2.95539,-1.55539
2,8,4,35,0,0,3.92019,0.631192,1.18989,5.74128,22.5264,-0.375759,1.77576
2,8,4,35,0,-2,4.97895,0.609612,2.49945,8.08802,23.9942,2.00168,-0.601676
2,8,4,35,1,0,3.99981,0.636276,1.15787,5.79396,22.1334,0.953183,0.446817
2,8,4,35,1,-2,5.29072,0.613619,2.46552,8.36986,23.5029,2.9558,-1.5558
2,8,8,5,0,0,3.88271,0.636013,0.64083,5.15955,21.5887,0.533408,0.866592
2,8,8,5,0,-2,5.0847,0.610724,0.675506,6.37093,23.4367,2.51438,-1.11438
2,8,8,5,1,0,4.07667,0.63668,0.64047,5.35382,21.4295,1.00209,0.39791
2,8,8,5,1,-2,5.38487,0.611201,0.675309,6.67138,23.336,3.00793,-1.60793
2,8,8,10,0,0,3.8956,0.634841,0.625051,5.1555,22.3947,0.553024,0.846976
2,8,8,10,0,-2,5.13134,0.609201,0.647933,6.38848,23.5965,2.56717,-1.16717
2,8,8,10,1,0,4.01888,0.636515,0.636568,5.29197,22.1108,1.04799,0.352014
2,8,8,10,1,-2,5.3672,0.609943,0.658882,6.63603,23.4843,3.00868,-1.60868
2,8,8,15,0,0,3.90611,0.634759,0.619541,5.16041,22.3947,0.552574,0.847426
2,8,8,15,0,-2,5.16505,0.609777,0.645183,6.42001,23.5965,2.56433,-1.16433
2,8,8,15,1,0,3.98425,0.637115,0.631906,5.25327,22.1108,0.965486,0.434514
2,8,8,15,1,-2,5.33113,0.611832,0.655648,6.59861,23.4843,3.0152,-1.6152
2,8,8,25,0,0,3.90195,0.634437,0.63919,5.17558,22.3947,0.552697,0.847303
2,8,8,25,0,-2,5.15809,0.609923,1.54571,7.31373,23.5965,2.56431,-1.16431
2,8,8,25,1,0,3.99359,0.637238,0.622306,5.25314,22.1108,0.995788,0.404212
2,8,8,25,1,-2,5.31008,0.612905,1.53132,7.45431,23.4843,3.01712,-1.61712
2,8,8,35,0,0,3.89877,0.633928,1.20311,5.73581,22.3947,0.552416,0.847584
2,8,8,35,0,-2,5.1528,0.610372,2.51886,8.28202,23.5965,2.56426,-1.16426
2,8,8,35,1,0,4.00775,0.635018,1.18661,5.82938,22.1108,1.01311,0.386891
2,8,8,35,1,-2,5.30774,0.614178,2.50444,8.42636,23.4843,3.01685,-1.61685
3,2,1,5,0,0,14.4137,4.86036,0.0139425,19.288,42.2769,-3.36758,4.76758
3,2,1,5,0,-2,5.33962,0.715468,0.120838,6.17592,44.8577,-2.16685,3.56685
3,2,1,5,1,0,4.02473,0.907609,0.0195146,4.95185,62.2902,0.077924,1.32208
3,2,1,5,1,-2,5.39072,0.646218,0.157587,6.19452,35.7774,1.77329,-0.373295
3,2,1,10,0,0,7.92391,1.17268,0.579936,9.67653,18.0043,-2.42016,3.82016
3,2,1,10,0,-2,4.43265,0.706434,0.538165,5.67725,18.6821,-0.851542,2.25154
3,2,1,10,1,0,3.48831,0.629366,0.642706,4.76038,23.9682,0.736161,0.663839
3,2,1,10,1,-2,4.88801,0.639842,0.68565,6.2135,23.991,2.80503,-1.40503
3,2,1,15,0,0,6.62141,1.17607,0.454624,8.25211,20.9687,-2.23479,3.63479
3,2,1,15,0,-2,4.71335,0.709215,0.355644,5.7782,20.9235,-0.655362,2.05536
3,2,1,15,1,0,3.48554,0.629587,0.647232,4.76236,23.9682,0.677177,0.722823
3,2,1,15,1,-2,4.77336,0.640447,0.666334,6.08014,23.991,2.75161,-1.35161
3,2,1,25,0,0,6.54662,1.17668,0.412438,8.13573,20.9687,-2.20924,3.60924
3,2,1,25,0,-2,4.71938,0.710589,1.23269,6.66266,20.9235,-0.680794,2.08079
3,2,1,25,1,0,3.50747,0.631038,0.627654,4.76616,23.9682,0.723604,0.676396
3,2,1,25,1,-2,4.76719,0.641704,1.261,6.6699,23.991,2.75728,-1.35728
3,2,1,35,0,0,6.54348,1.17793,0.975491,8.69691,20.9687,-2.20921,3.60921
3,2,1,35,0,-2,4.71677,0.712536,2.20401,7.63331,20.9235,-0.679989,2.07999
3,2,1,35,1,0,3.51302,0.632824,1.04729,5.19313,23.9682,0.74012,0.65988
3,2,1,35,1,-2,4.76741,0.64295,2.23298,7.64334,23.991,2.76043,-1.36043
3,2,4,10,0,0,3.47769,1.17235,0.719696,5.36973,18.0022,-0.433882,1.83388
3,2,4,10,0,-2,4.52787,0.707266,0.78818,6.02332,17.7752,1.9663,-0.566304
3,2,4,10,1,0,3.49321,0.629398,0.678936,4.80154,23.9434,0.777337,0.622663
3,2,4,10,1,-2,4.73518,0.639815,0.772964,6.14796,23.9715,2.8009,-1.4009
3,2,4,5,0,0,3.57035,4.86224,0.0418333,8.47442,42.2767,-3.22921,4.62921
3,2,4,5,0,-2,4.72849,0.716026,0.199599,5.64411,45.2684,-0.161712,1.56171
3,2,4,5,1,0,3.56086,0.907738,0.0432757,4.51188,62.2982,0.376133,1.02387
3,2,4,5,1,-2,4.75248,0.646262,0.228127,5.62687,35.81,2.63535,-1.23535
3,2,4,15,0,0,3.47871,1.17433,0.718235,5.37128,18.8671,-0.436253,1.83625
3,2,4,15,0,-2,4.54243,0.70848,0.748994,5.9999,19.2484,1.9644,-0.564401
3,2,4,15,1,0,3.55814,0.629898,0.681651,4.86969,23.9434,0.85235,0.54765
3,2,4,15,1,-2,4.77631,0.640328,0.7545,6.17114,23.9715,2.83047,-1.43047
3,2,4,25,0,0,3.47698,1.17471,0.705769,5.35745,18.8671,-0.436303,1.8363
3,2,4,25,0,-2,4.53953,0.709748,1.36382,6.6131,19.2484,1.96448,-0.564485
3,2,4,25,1,0,3.53508,0.632267,0.662834,4.83018,23.9434,0.828099,0.571901
3,2,4,25,1,-2,4.78136,0.641755,1.34571,6.76883,23.9715,2.83578,-1.43578
3,2,4,35,0,0,3.47513,1.17529,1.02975,5.68017,18.8671,-0.436356,1.83636
3,2,4,35,0,-2,4.53647,0.711252,2.33621,7.58393,19.2484,1.96455,-0.564554
3,2,4,35,1,0,3.53159,0.634867,1.0768,5.24325,23.9434,0.827176,0.572824
3,2,4,35,1,-2,4.77661,0.643001,2.31764,7.73725,23.9715,2.83449,-1.43449
3,2,8,5,0,0,3.40624,4.86107,0.079273,8.34658,42.2794,-3.22655,4.62655
3,2,8,5,0,-2,4.55642,0.7164,0.245629,5.51845,45.534,-0.171476,1.57148
3,2,8,5,1,0,3.51884,0.907856,0.0794907,4.50618,62.3056,0.376151,1.02385
3,2,8,5,1,-2,4.6617,0.646311,0.273972,5.58199,35.8419,2.63538,-1.23538
3,2,8,10,0,0,3.45203,1.17219,0.754067,5.37829,18.0016,0.0465739,1.35343
3,2,8,10,0,-2,4.66869,0.707665,0.827225,6.20358,17.7127,2.35674,-0.956737
3,2,8,10,1,0,3.60333,0.629423,0.711786,4.94454,23.918,0.971927,0.428073
3,2,8,10,1,-2,4.83677,0.639778,0.815864,6.29241,23.9514,2.93628,-1.53628
3,2,8,15,0,0,3.45775,1.17427,0.776547,5.40857,18.7939,0.36767,1.03233
3,2,8,15,0,-2,4.6926,0.708342,0.808081,6.20902,18.3552,2.39892,-0.998925
3,2,8,15,1,0,3.50081,0.630251,0.714618,4.84568,23.918,0.854644,0.545356
3,2,8,15,1,-2,4.83118,0.640209,0.79621,6.26759,23.9514,2.93424,-1.53424
3,2,8,35,0,0,3.45304,1.17364,1.04339,5.67007,18.7939,0.370085,1.02991
3,2,8,35,0,-2,4.68356,0.710419,2.35557,7.74954,18.3552,2.39078,-0.99078
3,2,8,35,1,0,3.54677,0.637501,1.1044,5.28867,23.918,0.910243,0.489757
3,2,8,35,1,-2,4.79447,0.643171,2.35637,7.79401,23.9514,2.91012,-1.51012
3,2,8,25,0,0,3.45527,1.17379,0.760583,5.38965,18.7939,0.369278,1.03072
3,2,8,25,0,-2,4.68765,0.709225,1.38328,6.78015,18.3552,2.39402,-0.994018
3,2,8,25,1,0,3.53376,0.634124,0.697189,4.86508,23.918,0.895964,0.504036
3,2,8,25,1,-2,4.79391,0.641941,1.38419,6.82004,23.9514,2.90842,-1.50842
3,8,1,5,0,0,14.4272,0.636266,0.574261,15.6378,21.6282,-3.36966,4.76966
3,8,1,5,0,-2,5.34745,0.610832,0.546572,6.50485,23.6323,-2.16836,3.56836
3,8,1,5,1,0,4.0237,0.636682,0.580348,5.24074,21.4439,0.078983,1.32102
3,8,1,5,1,-2,5.38955,0.611232,0.55887,6.55965,23.368,1.77329,-0.373293
3,8,1,10,0,0,7.9266,0.633994,0.350661,8.91125,23.5212,-2.42081,3.82081
3,8,1,10,0,-2,4.43171,0.608053,0.286852,5.32662,25.9004,-0.851186,2.25119
3,8,1,10,1,0,3.48736,0.636091,0.56828,4.69174,22.1557,0.735937,0.664063
3,8,1,10,1,-2,4.88682,0.609841,0.527571,6.02423,23.5211,2.80504,-1.40504
3,8,1,15,0,0,6.61893,0.633745,0.203253,7.45592,23.5212,-2.23493,3.63493
3,8,1,15,0,-2,4.7123,0.609154,0.420605,5.74206,25.9004,-0.655157,2.05516
3,8,1,15,1,0,3.48451,0.636297,0.565782,4.68658,22.1557,0.676995,0.723005
3,8,1,15,1,-2,4.77231,0.611292,0.524307,5.90791,23.5211,2.75159,-1.35159
3,8,1,25,0,0,6.54384,0.632088,0.574537,7.75047,23.5212,-2.20925,3.60925
3,8,1,25,0,-2,4.71835,0.608973,1.39626,6.72358,25.9004,-0.68062,2.08062
3,8,1,25,1,0,3.50654,0.636977,0.563485,4.707,22.1557,0.723517,0.676483
3,8,1,25,1,-2,4.76609,0.612076,1.40726,6.78542,23.5211,2.75723,-1.35723
3,8,1,35,0,0,6.54071,0.630197,1.13831,8.30922,23.5212,-2.20922,3.60922
3,8,1,35,0,-2,4.71574,0.609486,2.36931,7.69454,25.9004,-0.679815,2.07982
3,8,1,35,1,0,3.51212,0.636537,1.12766,5.27631,22.1557,0.74009,0.65991
3,8,1,35,1,-2,4.76646,0.613099,2.38067,7.76024,23.5211,2.7604,-1.3604
3,8,4,5,0,0,3.56931,0.636036,0.602962,4.80831,21.6223,-0.421835,1.82184
3,8,4,5,0,-2,4.72807,0.610695,0.628561,5.96733,23.5048,1.93315,-0.533154
3,8,4,5,1,0,3.55962,0.63668,0.604246,4.80055,21.4367,0.851488,0.548512
3,8,4,5,1,-2,4.75154,0.611227,0.629432,5.9922,23.3523,2.7985,-1.3985
3,8,4,10,0,0,3.47609,0.634814,0.56565,4.67656,22.5263,-0.433923,1.83392
3,8,4,10,0,-2,4.52682,0.609222,0.590752,5.72679,23.9942,1.96631,-0.566315
3,8,4,10,1,0,3.49234,0.63629,0.604204,4.73284,22.1334,0.777327,0.622673
3,8,4,10,1,-2,4.73435,0.609895,0.615598,5.95984,23.503,2.80089,-1.40089
3,8,4,15,0,0,3.47718,0.634262,0.563752,4.67519,22.5263,-0.436288,1.83629
3,8,4,15,0,-2,4.54134,0.609532,0.59006,5.74093,23.9942,1.96436,-0.564363
3,8,4,15,1,0,3.55736,0.636663,0.59948,4.7935,22.1334,0.852475,0.547525
3,8,4,15,1,-2,4.77518,0.611549,0.613094,5.99982,23.503,2.83041,-1.43041
3,8,4,25,0,0,3.47544,0.633089,0.626037,4.73456,22.5263,-0.436336,1.83634
3,8,4,25,0,-2,4.53847,0.609339,1.5263,6.6741,23.9942,1.96446,-0.564465
3,8,4,25,1,0,3.53416,0.63706,0.59402,4.76524,22.1334,0.828057,0.571943
3,8,4,25,1,-2,4.78024,0.612484,1.49228,6.885,23.503,2.83573,-1.43573
3,8,4,35,0,0,3.47359,0.631187,1.1899,5.29468,22.5263,-0.436395,1.83639
3,8,4,35,0,-2,4.53542,0.609634,2.49947,7.64452,23.9942,1.96455,-0.564549
3,8,4,35,1,0,3.53067,0.636273,1.15789,5.32483,22.1334,0.827132,0.572868
3,8,4,35,1,-2,4.77551,0.613641,2.46553,7.85468,23.503,2.83446,-1.43446
3,8,8,10,0,0,3.45037,0.634839,0.625147,4.71036,22.3947,0.370326,1.02967
3,8,8,10,0,-2,4.66772,0.609223,0.647931,5.92487,23.5965,2.35698,-0.956976
3,8,8,10,1,0,3.60243,0.63651,0.636567,4.87551,22.1108,0.971919,0.428081
3,8,8,10,1,-2,4.83568,0.609965,0.65888,6.10452,23.4843,2.93618,-1.53618
3,8,8,5,0,0,3.4053,0.636012,0.64083,4.68214,21.5887,0.279941,1.12006
3,8,8,5,0,-2,4.55527,0.610747,0.674809,5.84082,23.4368,2.25234,-0.85234
3,8,8,5,1,0,3.51896,0.636676,0.640471,4.79611,21.4295,0.846112,0.553888
3,8,8,5,1,-2,4.66073,0.611222,0.675308,5.94726,23.3361,2.82864,-1.42864
3,8,8,15,0,0,3.45614,0.634758,0.61954,4.71044,22.3947,0.367491,1.03251
3,8,8,15,0,-2,4.69137,0.609798,0.645181,5.94635,23.5965,2.39862,-0.998621
3,8,8,15,1,0,3.49956,0.637111,0.631905,4.76857,22.1108,0.854394,0.545606
3,8,8,15,1,-2,4.83004,0.611854,0.655646,6.09754,23.4843,2.93418,-1.53418
3,8,8,25,0,0,3.4536,0.634436,0.639198,4.72723,22.3947,0.369082,1.03092
3,8,8,25,0,-2,4.68621,0.609945,1.54573,6.84188,23.5965,2.39386,-0.993857
3,8,8,25,1,0,3.53288,0.637234,0.622315,4.79243,22.1108,0.895988,0.504012
3,8,8,25,1,-2,4.79281,0.612926,1.53134,6.93707,23.4843,2.90839,-1.50839
3,8,8,35,0,0,3.45132,0.633927,1.20312,5.28837,22.3947,0.369965,1.03003
3,8,8,35,0,-2,4.68241,0.610394,2.51887,7.81168,23.5965,2.39059,-0.99059
3,8,8,35,1,0,3.54593,0.635014,1.18663,5.36757,22.1108,0.910314,0.489686
3,8,8,35,1,-2,4.79333,0.6142,2.50446,7.91199,23.4843,2.91009,-1.51009
4,2,1,5,0,0,14.4507,4.86034,0.0139348,19.325,42.2769,-3.70014,5.10014
4,2,1,5,0,-2,5.45088,0.715487,0.120823,6.28718,44.8569,-2.55164,3.95164
4,2,1,5,1,0,3.76521,0.907603,0.0195151,4.69233,62.2898,0.077924,1.32208
4,2,1,5,1,-2,4.99693,0.646232,0.157591,5.80076,35.777,1.7733,-0.373296
4,2,1,10,0,0,7.694,1.1727,0.57994,9.44664,18.0045,-2.53143,3.93143
4,2,1,10,0,-2,4.12753,0.706453,0.537938,5.37192,18.6821,-0.962793,2.36279
4,2,1,10,1,0,3.27791,0.629365,0.642706,4.54999,23.9682,0.675669,0.724331
4,2,1,10,1,-2,4.66834,0.639856,0.685649,5.99384,23.9909,2.73697,-1.33697
4,2,1,15,0,0,6.25674,1.17609,0.454466,7.8873,20.9688,-2.31316,3.71316
4,2,1,15,0,-2,4.42815,0.709234,0.355982,5.49337,20.9235,-0.714891,2.11489
4,2,1,15,1,0,3.20721,0.629586,0.647231,4.48403,23.9682,0.555497,0.844503
4,2,1,15,1,-2,4.4912,0.64046,0.666333,5.798,23.9909,2.64059,-1.24059
4,2,1,25,0,0,6.16924,1.1767,0.412447,7.75839,20.9688,-2.28009,3.68009
4,2,1,25,0,-2,4.44047,0.710608,1.2327,6.38378,20.9235,-0.741104,2.1411
4,2,1,25,1,0,3.24518,0.631037,0.627653,4.50387,23.9682,0.613209,0.786791
4,2,1,25,1,-2,4.47241,0.641719,1.26101,6.37513,23.9909,2.63665,-1.23665
4,2,1,35,0,0,6.16626,1.17795,0.975503,8.31971,20.9688,-2.28005,3.68005
4,2,1,35,0,-2,4.43794,0.712555,2.20402,7.35451,20.9235,-0.740257,2.14026
4,2,1,35,1,0,3.25201,0.632823,1.04729,4.93213,23.9682,0.631125,0.768875
4,2,1,35,1,-2,4.47405,0.642964,2.23298,7.34999,23.9909,2.64108,-1.24108
4,2,4,5,0,0,3.32127,4.86221,0.0416761,8.22516,42.2767,-3.2292,4.6292
4,2,4,5,0,-2,4.51804,0.716039,0.199291,5.43337,45.2677,-0.161688,1.56169
4,2,4,5,1,0,3.34488,0.907731,0.0434054,4.29602,62.2978,0.376138,1.02386
4,2,4,5,1,-2,4.51312,0.646276,0.228131,5.38752,35.8096,2.63535,-1.23535
4,2,4,10,0,0,3.22369,1.17235,0.719699,5.11574,18.0023,-0.442723,1.84272
4,2,4,10,0,-2,4.27159,0.70728,0.788179,5.76705,17.7752,1.75724,-0.357241
4,2,4,10,1,0,3.22377,0.629397,0.678936,4.53211,23.9434,0.678256,0.721744
4,2,4,10,1,-2,4.46726,0.639828,0.772963,5.88005,23.9714,2.70442,-1.30442
4,2,4,25,0,0,3.22451,1.17471,0.705768,5.10499,18.8672,-0.444659,1.84466
4,2,4,25,0,-2,4.28691,0.709762,1.36383,6.3605,19.2484,1.78071,-0.380709
4,2,4,25,1,0,3.26685,0.632266,0.662834,4.56195,23.9434,0.728148,0.671852
4,2,4,25,1,-2,4.49663,0.641769,1.34571,6.48412,23.9714,2.72894,-1.32894
4,2,4,15,0,0,3.22621,1.17434,0.718234,5.11878,18.8672,-0.444574,1.84457
4,2,4,15,0,-2,4.28968,0.708493,0.748993,5.74717,19.2484,1.78144,-0.38144
4,2,4,15,1,0,3.28704,0.629897,0.681651,4.59859,23.9434,0.749705,0.650295
4,2,4,15,1,-2,4.48363,0.640342,0.754499,5.87848,23.9714,2.71868,-1.31868
4,2,4,35,0,0,3.22275,1.1753,1.02976,5.4278,18.8672,-0.44483,1.84483
4,2,4,35,0,-2,4.28431,0.711266,2.33622,7.3318,19.2484,1.77942,-0.379423
4,2,4,35,1,0,3.26623,0.634866,1.0768,4.9779,23.9434,0.729199,0.670801
4,2,4,35,1,-2,4.4944,0.643015,2.31765,7.45506,23.9714,2.72876,-1.32876
4,2,8,5,0,0,3.14285,4.86104,0.0792734,8.08316,42.2793,-3.22654,4.62654
4,2,8,5,0,-2,4.27363,0.716413,0.245633,5.23568,45.5333,-0.171451,1.57145
4,2,8,5,1,0,3.20972,0.907848,0.0794911,4.19706,62.3052,0.376156,1.02384
4,2,8,5,1,-2,4.27199,0.646325,0.273976,5.19229,35.8415,2.63539,-1.23539
4,2,8,10,0,0,3.19983,1.1722,0.75407,5.1261,18.0017,0.0465845,1.35342
4,2,8,10,0,-2,4.40667,0.707678,0.827224,5.94157,17.7127,2.1762,-0.776204
4,2,8,10,1,0,3.3551,0.629422,0.711786,4.69631,23.918,0.897164,0.502836
4,2,8,10,1,-2,4.52665,0.639791,0.815864,5.9823,23.9513,2.83337,-1.43337
4,2,8,15,0,0,3.20488,1.17427,0.776546,5.1557,18.794,0.19301,1.20699
4,2,8,15,0,-2,4.41893,0.708355,0.80808,5.93536,18.3552,2.21277,-0.812769
4,2,8,15,1,0,3.23581,0.63025,0.714618,4.58067,23.918,0.772456,0.627544
4,2,8,15,1,-2,4.54565,0.640222,0.79621,5.98208,23.9513,2.84301,-1.44301
4,2,8,25,0,0,3.20297,1.1738,0.760582,5.13735,18.794,0.196446,1.20355
4,2,8,25,0,-2,4.41526,0.709238,1.38328,6.50778,18.3552,2.20821,-0.808208
4,2,8,25,1,0,3.2755,0.634123,0.697189,4.60681,23.918,0.816912,0.583088
4,2,8,25,1,-2,4.50392,0.641954,1.38419,6.53007,23.9513,2.81662,-1.41662
4,2,8,35,0,0,3.20118,1.17364,1.04339,5.41822,18.794,0.197757,1.20224
4,2,8,35,0,-2,4.41254,0.710433,2.35557,7.47855,18.3552,2.20529,-0.805285
4,2,8,35,1,0,3.28446,0.637499,1.10441,5.02637,23.918,0.828106,0.571894
4,2,8,35,1,-2,4.5051,0.643185,2.35637,7.50465,23.9513,2.8186,-1.4186
4,8,1,5,0,0,14.4492,0.636278,0.574262,15.6598,21.6282,-3.70016,5.10016
4,8,1,5,0,-2,5.45007,0.61085,0.54657,6.60749,23.6323,-2.55171,3.95171
4,8,1,5,1,0,3.76449,0.636681,0.580348,4.98152,21.4439,0.078983,1.32102
4,8,1,5,1,-2,4.9957,0.611244,0.558869,6.16582,23.368,1.77329,-0.373293
4,8,1,10,0,0,7.691,0.634006,0.350696,8.6757,23.5211,-2.5316,3.9316
4,8,1,10,0,-2,4.12657,0.60807,0.28663,5.02127,25.9005,-0.962495,2.36249
4,8,1,10,1,0,3.27704,0.636089,0.56828,4.48141,22.1557,0.67547,0.72453
4,8,1,10,1,-2,4.66721,0.609854,0.52757,5.80463,23.5211,2.73697,-1.33697
4,8,1,15,0,0,6.25399,0.633757,0.20325,7.091,23.5211,-2.31322,3.71322
4,8,1,15,0,-2,4.42702,0.609172,0.420611,5.4568,25.9005,-0.714693,2.11469
4,8,1,15,1,0,3.20607,0.636296,0.565781,4.40815,22.1557,0.555489,0.844511
4,8,1,15,1,-2,4.49023,0.611305,0.524306,5.62584,23.5211,2.64058,-1.24058
4,8,1,25,0,0,6.16659,0.6321,0.574546,7.37323,23.5211,-2.2801,3.6801
4,8,1,25,0,-2,4.43949,0.60899,1.39627,6.44475,25.9005,-0.740917,2.14092
4,8,1,25,1,0,3.24442,0.636977,0.563488,4.44489,22.1557,0.613199,0.786801
4,8,1,25,1,-2,4.4714,0.612089,1.40727,6.49075,23.5211,2.63661,-1.23661
4,8,1,35,0,0,6.1636,0.630209,1.13832,7.93213,23.5211,-2.28007,3.68007
4,8,1,35,0,-2,4.43696,0.609504,2.36933,7.41579,25.9005,-0.740071,2.14007
4,8,1,35,1,0,3.25125,0.636536,1.12766,5.01545,22.1557,0.631153,0.768847
4,8,1,35,1,-2,4.47304,0.613112,2.38068,7.46684,23.5211,2.64105,-1.24105
4,8,4,5,0,0,3.32006,0.636035,0.602962,4.55906,21.6223,-0.411114,1.81111
4,8,4,5,0,-2,4.51605,0.610708,0.62856,5.75532,23.5048,1.85717,-0.457165
4,8,4,5,1,0,3.34422,0.636679,0.604246,4.58514,21.4367,0.789832,0.610168
4,8,4,5,1,-2,4.51225,0.61124,0.629432,5.75293,23.3523,2.71841,-1.31841
4,8,4,10,0,0,3.22219,0.634813,0.56565,4.42265,22.5263,-0.44282,1.84282
4,8,4,10,0,-2,4.2704,0.609234,0.590751,5.47039,23.9942,1.75732,-0.35732
4,8,4,10,1,0,3.22299,0.636289,0.604203,4.46348,22.1334,0.678277,0.721723
4,8,4,10,1,-2,4.46612,0.609908,0.615597,5.69162,23.503,2.70425,-1.30425
4,8,4,15,0,0,3.22481,0.634261,0.563751,4.42282,22.5263,-0.444698,1.8447
4,8,4,15,0,-2,4.2887,0.609544,0.590059,5.48831,23.9942,1.7814,-0.3814
4,8,4,15,1,0,3.28624,0.636662,0.59948,4.52238,22.1334,0.749761,0.650239
4,8,4,15,1,-2,4.4826,0.611562,0.613093,5.70725,23.503,2.71864,-1.31864
4,8,4,25,0,0,3.2231,0.633088,0.626042,4.48223,22.5263,-0.444775,1.84478
4,8,4,25,0,-2,4.28599,0.609352,1.5263,6.42164,23.9942,1.78054,-0.380544
4,8,4,25,1,0,3.26599,0.637059,0.594024,4.49708,22.1334,0.728109,0.671891
4,8,4,25,1,-2,4.49561,0.612497,1.49228,6.60039,23.503,2.72889,-1.32889
4,8,4,35,0,0,3.22133,0.631186,1.18991,5.04243,22.5263,-0.444906,1.84491
4,8,4,35,0,-2,4.2834,0.609647,2.49948,7.39252,23.9942,1.7793,-0.379299
4,8,4,35,1,0,3.26539,0.636272,1.15789,5.05956,22.1334,0.729163,0.670837
4,8,4,35,1,-2,4.4934,0.613653,2.46554,7.57259,23.503,2.72872,-1.32872
4,8,8,5,0,0,3.14198,0.636011,0.640831,4.41883,21.5887,0.0915994,1.3084
4,8,8,5,0,-2,4.27257,0.61076,0.674808,5.55814,23.4368,2.05237,-0.652368
4,8,8,5,1,0,3.20997,0.636674,0.640471,4.48712,21.4295,0.739174,0.660826
4,8,8,5,1,-2,4.27117,0.611235,0.675307,5.55771,23.3361,2.69153,-1.29153
4,8,8,10,0,0,3.19809,0.634838,0.62505,4.45798,22.3946,0.201639,1.19836
4,8,8,10,0,-2,4.40571,0.609236,0.64793,5.66288,23.5965,2.17638,-0.776376
4,8,8,10,1,0,3.35425,0.636509,0.636566,4.62732,22.1108,0.897153,0.502847
4,8,8,10,1,-2,4.52588,0.609978,0.658879,5.79473,23.4843,2.83338,-1.43338
4,8,8,15,0,0,3.2035,0.634757,0.61954,4.45779,22.3946,0.193062,1.20694
4,8,8,15,0,-2,4.41783,0.609811,0.645822,5.67346,23.5965,2.21249,-0.812492
4,8,8,15,1,0,3.23457,0.63711,0.631905,4.50359,22.1108,0.772397,0.627603
4,8,8,15,1,-2,4.54458,0.611867,0.655646,5.81209,23.4843,2.84296,-1.44296
4,8,8,25,0,0,3.20158,0.634435,0.639201,4.47521,22.3946,0.196453,1.20355
4,8,8,25,0,-2,4.41445,0.609958,1.54573,6.57014,23.5965,2.20778,-0.80778
4,8,8,25,1,0,3.27476,0.637233,0.622318,4.53431,22.1108,0.816965,0.583035
4,8,8,25,1,-2,4.50289,0.612939,1.53134,6.64717,23.4843,2.81659,-1.41659
4,8,8,35,0,0,3.19976,0.633926,1.20313,5.03682,22.3946,0.197667,1.20233
4,8,8,35,0,-2,4.41147,0.610407,2.51888,7.54076,23.5965,2.20505,-0.805048
4,8,8,35,1,0,3.28371,0.635013,1.18663,5.10536,22.1108,0.828187,0.571813
4,8,8,35,1,-2,4.50411,0.614213,2.50447,7.62279,23.4843,2.81854,-1.41854
6,2,1,5,0,0,14.4535,4.86031,0.013935,19.3277,42.2769,-4.18959,5.58959
6,2,1,5,0,-2,5.55844,0.715506,0.120827,6.39477,44.8561,-3.22371,4.62371
6,2,1,5,1,0,3.38501,0.907596,0.0195153,4.31212,62.2894,0.077924,1.32208
6,2,1,5,1,-2,4.36509,0.646252,0.157596,5.16894,35.7766,1.7733,-0.373296
6,2,1,10,0,0,7.43492,1.17271,0.579902,9.18753,18.0046,-3.00807,4.40807
6,2,1,10,0,-2,3.77664,0.706472,0.538161,5.02128,18.6821,-1.10681,2.50681
6,2,1,10,1,0,3.03689,0.629364,0.642706,4.30896,23.9682,0.558861,0.841139
6,2,1,10,1,-2,4.35294,0.639877,0.685649,5.67847,23.9908,2.60868,-1.20868
6,2,1,15,0,0,5.84889,1.1761,0.454616,7.4796,20.969,-2.38626,3.78626
6,2,1,15,0,-2,4.0897,0.709253,0.355637,5.15459,20.9234,-0.869938,2.26994
6,2,1,15,1,0,2.90459,0.629585,0.647231,4.18141,23.9682,0.385907,1.01409
6,2,1,15,1,-2,4.1733,0.640481,0.666333,5.48011,23.9908,2.4519,-1.0519
6,2,1,25,0,0,5.74403,1.17671,0.412456,7.33319,20.969,-2.30634,3.70634
6,2,1,25,0,-2,4.1089,0.710627,1.23271,6.05224,20.9234,-0.891487,2.29149
6,2,1,25,1,0,2.95391,0.631035,0.627653,4.2126,23.9682,0.45175,0.94825
6,2,1,25,1,-2,4.13671,0.641739,1.26101,6.03946,23.9908,2.43912,-1.03912
6,2,1,35,0,0,5.74259,1.17796,0.975517,7.89607,20.969,-2.30674,3.70674
6,2,1,35,0,-2,4.10634,0.712574,2.20403,7.02295,20.9234,-0.890838,2.29084
6,2,1,35,1,0,2.95974,0.632822,1.0473,4.63986,23.9682,0.469122,0.930878
6,2,1,35,1,-2,4.13818,0.642985,2.23299,7.01415,23.9908,2.44416,-1.04416
6,2,4,5,0,0,3.03906,4.86218,0.0416764,7.94292,42.2767,-3.22918,4.62918
6,2,4,5,0,-2,4.25332,0.71606,0.199607,5.16899,45.2669,-0.161663,1.56166
6,2,4,5,1,0,3.10036,0.907725,0.0432766,4.05136,62.2974,0.376143,1.02386
6,2,4,5,1,-2,4.22489,0.646296,0.228135,5.09932,35.8092,2.57318,-1.17318
6,2,4,10,0,0,2.94041,1.17235,0.719703,4.83246,18.0024,-0.594149,1.99415
6,2,4,10,0,-2,3.96305,0.707301,0.788178,5.45853,17.7752,1.33196,0.0680359
6,2,4,10,1,0,2.92686,0.629396,0.678936,4.23519,23.9434,0.534929,0.865071
6,2,4,10,1,-2,4.1368,0.639849,0.772963,5.54961,23.9714,2.53931,-1.13931
6,2,4,15,0,0,2.94436,1.17434,0.718234,4.83693,18.8672,-0.59427,1.99427
6,2,4,15,0,-2,3.98856,0.708515,0.748992,5.44606,19.2484,1.35792,0.0420766
6,2,4,15,1,0,2.98085,0.629896,0.681651,4.29239,23.9434,0.599291,0.800709
6,2,4,15,1,-2,4.12799,0.640363,0.754499,5.52285,23.9714,2.53891,-1.13891
6,2,4,25,0,0,2.94276,1.17471,0.705768,4.82324,18.8672,-0.593463,1.99346
6,2,4,25,0,-2,3.98474,0.709783,1.36383,6.05836,19.2484,1.35778,0.0422229
6,2,4,25,1,0,2.96654,0.632265,0.662834,4.26164,23.9434,0.58157,0.81843
6,2,4,25,1,-2,4.14641,0.64179,1.34572,6.13392,23.9714,2.55285,-1.15285
6,2,4,35,0,0,2.94106,1.1753,1.02976,5.14612,18.8672,-0.593206,1.99321
6,2,4,35,0,-2,3.98212,0.711287,2.33622,7.02964,19.2484,1.35699,0.0430084
6,2,4,35,1,0,2.96873,0.634865,1.07681,4.6804,23.9434,0.584214,0.815786
6,2,4,35,1,-2,4.14558,0.643036,2.31766,7.10627,23.9714,2.5538,-1.1538
6,2,8,5,0,0,2.85389,4.861,0.0792738,7.79417,42.2793,-3.22652,4.62652
6,2,8,5,0,-2,3.95671,0.716431,0.245637,4.91878,45.5326,-0.171426,1.57143
6,2,8,5,1,0,2.87476,0.907841,0.0794918,3.86209,62.3049,0.376161,1.02384
6,2,8,5,1,-2,3.85718,0.646346,0.27398,4.7775,35.8411,2.50579,-1.10579
6,2,8,10,0,0,2.91567,1.1722,0.754074,4.84195,18.0018,-0.0562013,1.4562
6,2,8,10,0,-2,4.09002,0.707699,0.827223,5.62495,17.7127,1.86978,-0.469785
6,2,8,10,1,0,3.06315,0.629421,0.711786,4.40436,23.918,0.775658,0.624342
6,2,8,10,1,-2,4.14199,0.639812,0.816539,5.59834,23.9512,2.66769,-1.26769
6,2,8,15,0,0,2.92167,1.17428,0.776681,4.87263,18.794,-0.0696223,1.46962
6,2,8,15,0,-2,4.09052,0.708378,0.808079,5.60698,18.3552,1.89516,-0.495157
6,2,8,15,1,0,2.94438,0.630249,0.714618,4.28925,23.918,0.652288,0.747712
6,2,8,15,1,-2,4.18604,0.640243,0.796209,5.62249,23.9512,2.68841,-1.28841
6,2,8,25,0,0,2.92017,1.1738,0.760582,4.85455,18.794,-0.0650609,1.46506
6,2,8,25,0,-2,4.08766,0.70926,1.38329,6.18021,18.3552,1.89198,-0.491976
6,2,8,25,1,0,2.9852,0.634122,0.697189,4.31651,23.918,0.696573,0.703427
6,2,8,25,1,-2,4.1465,0.641975,1.3842,6.17267,23.9512,2.6645,-1.2645
6,2,8,35,0,0,2.91856,1.17365,1.0434,5.1356,18.794,-0.0626939,1.46269
6,2,8,35,0,-2,4.08593,0.710454,2.35558,7.15197,18.3552,1.8902,-0.490199
6,2,8,35,1,0,2.98811,0.637499,1.10441,4.73003,23.918,0.704721,0.695279
6,2,8,35,1,-2,4.14743,0.643206,2.35638,7.14702,23.9512,2.66643,-1.26643
6,8,1,5,0,0,14.4519,0.636276,0.574262,15.6624,21.6281,-4.18953,5.58953
6,8,1,5,0,-2,5.54706,0.610868,0.546583,6.70451,23.6323,-3.21986,4.61986
6,8,1,5,1,0,3.38457,0.63668,0.580348,4.6016,21.4439,0.078983,1.32102
6,8,1,5,1,-2,4.36393,0.611264,0.558868,5.53406,23.368,1.77329,-0.373293
6,8,1,10,0,0,7.43212,0.634003,0.350654,8.41678,23.5211,-3.00839,4.40839
6,8,1,10,0,-2,3.77482,0.608088,0.286627,4.66953,25.9005,-1.10768,2.50768
6,8,1,10,1,0,3.03603,0.636088,0.568279,4.2404,22.1557,0.558603,0.841397
6,8,1,10,1,-2,4.35194,0.609874,0.527569,5.48938,23.5211,2.60845,-1.20845
6,8,1,15,0,0,5.84623,0.633755,0.203397,6.68339,23.5211,-2.38655,3.78655
6,8,1,15,0,-2,4.08886,0.60919,0.420617,5.11867,25.9005,-0.869768,2.26977
6,8,1,15,1,0,2.90408,0.636295,0.565781,4.10616,22.1557,0.386134,1.01387
6,8,1,15,1,-2,4.17248,0.611325,0.524305,5.30811,23.5211,2.45194,-1.05194
6,8,1,25,0,0,5.74151,0.632098,0.574556,6.94817,23.5211,-2.3063,3.7063
6,8,1,25,0,-2,4.108,0.609008,1.39628,6.11329,25.9005,-0.89133,2.29133
6,8,1,25,1,0,2.9534,0.636977,0.563492,4.15387,22.1557,0.451884,0.948116
6,8,1,25,1,-2,4.13585,0.612109,1.40727,6.15523,23.5211,2.43912,-1.03912
6,8,1,35,0,0,5.74006,0.630207,1.13834,7.50861,23.5211,-2.3067,3.7067
6,8,1,35,0,-2,4.10544,0.609522,2.36934,7.0843,25.9005,-0.89068,2.29068
6,8,1,35,1,0,2.95916,0.636535,1.12767,4.72337,22.1557,0.469234,0.930766
6,8,1,35,1,-2,4.13729,0.613132,2.38069,7.13111,23.5211,2.44415,-1.04415
6,8,4,5,0,0,3.03787,0.636034,0.602963,4.27687,21.6223,-0.454857,1.85486
6,8,4,5,0,-2,4.2528,0.610728,0.628559,5.49209,23.5048,1.64054,-0.240539
6,8,4,5,1,0,3.09616,0.636678,0.604246,4.33709,21.4368,0.677379,0.722621
6,8,4,5,1,-2,4.22416,0.61126,0.629431,5.46485,23.3523,2.57324,-1.17324
6,8,4,10,0,0,2.93899,0.634812,0.565649,4.13945,22.5262,-0.594392,1.99439
6,8,4,10,0,-2,3.96162,0.609255,0.59075,5.16163,23.9942,1.33146,0.0685361
6,8,4,10,1,0,2.92557,0.636288,0.604202,4.16606,22.1335,0.534653,0.865347
6,8,4,10,1,-2,4.13554,0.609928,0.615596,5.36107,23.503,2.53906,-1.13906
6,8,4,15,0,0,2.94318,0.63426,0.563751,4.14119,22.5262,-0.594139,1.99414
6,8,4,15,0,-2,3.9878,0.609565,0.590058,5.18742,23.9942,1.35832,0.0416815
6,8,4,15,1,0,2.98001,0.636661,0.599479,4.21615,22.1335,0.599286,0.800714
6,8,4,15,1,-2,4.12717,0.611582,0.613092,5.35184,23.503,2.53887,-1.13887
6,8,4,25,0,0,2.94148,0.633087,0.626046,4.20061,22.5262,-0.593408,1.99341
6,8,4,25,0,-2,3.984,0.609372,1.52631,6.11968,23.9942,1.3578,0.0421971
6,8,4,25,1,0,2.96577,0.637058,0.594028,4.19685,22.1335,0.581548,0.818452
6,8,4,25,1,-2,4.14551,0.612517,1.49229,6.25032,23.503,2.5528,-1.1528
6,8,4,35,0,0,2.93977,0.631185,1.18991,4.76087,22.5262,-0.593195,1.99319
6,8,4,35,0,-2,3.98135,0.609667,2.49949,7.0905,23.9942,1.35697,0.0430274
6,8,4,35,1,0,2.96798,0.636271,1.1579,4.76215,22.1335,0.584194,0.815806
6,8,4,35,1,-2,4.14468,0.613673,2.46555,7.2239,23.503,2.55377,-1.15377
6,8,8,5,0,0,2.85316,0.636009,0.640831,4.13,21.5886,-0.179516,1.57952
6,8,8,5,0,-2,3.95572,0.610781,0.674808,5.24131,23.4369,1.73374,-0.333735
6,8,8,5,1,0,2.87507,0.636673,0.640471,4.15221,21.4295,0.595482,0.804518
6,8,8,5,1,-2,3.8564,0.611255,0.675307,5.14296,23.3361,2.50584,-1.10584
6,8,8,10,0,0,2.91336,0.634837,0.62505,4.17325,22.3946,-0.0580415,1.45804
6,8,8,10,0,-2,4.08891,0.609256,0.647929,5.3461,23.5965,1.8698,-0.469796
6,8,8,10,1,0,3.06229,0.636508,0.636566,4.33536,22.1108,0.775591,0.624409
6,8,8,10,1,-2,4.14104,0.609998,0.658878,5.40992,23.4843,2.66772,-1.26772
6,8,8,15,0,0,2.92084,0.634755,0.61954,4.17514,22.3946,-0.0691346,1.46913
6,8,8,15,0,-2,4.0898,0.609831,0.645179,5.34482,23.5965,1.89507,-0.495071
6,8,8,15,1,0,2.94397,0.637109,0.631905,4.21299,22.1108,0.652491,0.747509
6,8,8,15,1,-2,4.18505,0.611887,0.655645,5.45258,23.4843,2.68833,-1.28833
6,8,8,25,0,0,2.91912,0.634434,0.639205,4.19276,22.3946,-0.0646307,1.46463
6,8,8,25,0,-2,4.08682,0.609978,1.54574,6.24253,23.5965,1.89224,-0.492236
6,8,8,25,1,0,2.98459,0.637232,0.622322,4.24415,22.1108,0.696693,0.703307
6,8,8,25,1,-2,4.14557,0.612959,1.53135,6.28988,23.4843,2.66446,-1.26446
6,8,8,35,0,0,2.9174,0.633924,1.20314,4.75446,22.3946,-0.0625851,1.46259
6,8,8,35,0,-2,4.08505,0.610427,2.51889,7.21436,23.5965,1.88998,-0.489977
6,8,8,35,1,0,2.98745,0.635012,1.18664,4.8091,22.1108,0.704801,0.695199
6,8,8,35,1,-2,4.14659,0.614233,2.50447,7.2653,23.4843,2.66641,-1.26641
8,2,1,5,0,0,14.4264,4.8603,0.0139432,19.3006,42.2769,-4.51949,5.91949
8,2,1,5,0,-2,5.60143,0.715516,0.120829,6.43777,44.8556,-3.68772,5.08772
8,2,1,5,1,0,3.16777,0.907592,0.0195158,4.09488,62.2893,0.077924,1.32208
8,2,1,5,1,-2,4.02766,0.646266,0.157598,4.83152,35.7764,1.77329,-0.373295
8,2,1,10,0,0,7.28256,1.17271,0.579904,9.03518,18.0047,-3.35116,4.75116
8,2,1,10,0,-2,3.56823,0.706482,0.53816,4.81287,18.6822,-1.25309,2.65309
8,2,1,10,1,0,2.89809,0.629363,0.642706,4.17016,23.9682,0.465334,0.934666
8,2,1,10,1,-2,4.14528,0.63989,0.685649,5.47082,23.9908,2.47171,-1.07171
8,2,1,15,0,0,5.62563,1.1761,0.45446,7.25619,20.9691,-2.50067,3.90067
8,2,1,15,0,-2,3.88965,0.709263,0.355636,4.95455,20.9234,-1.01058,2.41058
8,2,1,15,1,0,2.74319,0.629585,0.647231,4.02001,23.9682,0.272731,1.12727
8,2,1,15,1,-2,3.97192,0.640495,0.666332,5.27875,23.9908,2.31174,-0.911738
8,2,1,25,0,0,5.51703,1.17671,0.412462,7.1062,20.9691,-2.34595,3.74595
8,2,1,25,0,-2,3.91219,0.710637,1.23271,5.85554,20.9234,-1.03077,2.43077
8,2,1,25,1,0,2.79446,0.631035,0.627653,4.05315,23.9682,0.340628,1.05937
8,2,1,25,1,-2,3.92542,0.641753,1.26101,5.82818,23.9908,2.29419,-0.894194
8,2,1,35,0,0,5.51417,1.17796,0.975525,7.66765,20.9691,-2.34582,3.74582
8,2,1,35,0,-2,3.9092,0.712584,2.20404,6.82582,20.9234,-1.03011,2.43011
8,2,1,35,1,0,2.79937,0.632822,1.0473,4.47949,23.9682,0.357566,1.04243
8,2,1,35,1,-2,3.92656,0.642998,2.23299,6.80255,23.9908,2.29919,-0.899195
8,2,4,5,0,0,2.88252,4.86216,0.0416766,7.78636,42.2767,-3.22918,4.62918
8,2,4,5,0,-2,4.0795,0.716074,0.199609,4.99518,45.2665,-0.161651,1.56165
8,2,4,5,1,0,2.95728,0.907721,0.0432767,3.90827,62.2972,0.376146,1.02385
8,2,4,5,1,-2,4.0413,0.64631,0.228137,4.91575,35.809,2.45877,-1.05877
8,2,4,10,0,0,2.78558,1.17235,0.719704,4.67764,18.0024,-0.837824,2.23782
8,2,4,10,0,-2,3.77531,0.707315,0.788178,5.27081,17.7752,1.01659,0.383412
8,2,4,10,1,0,2.76578,0.629396,0.678936,4.07412,23.9434,0.43609,0.96391
8,2,4,10,1,-2,3.93269,0.639863,0.772963,5.34551,23.9713,2.41591,-1.01591
8,2,4,15,0,0,2.79036,1.17434,0.718233,4.68294,18.8672,-0.837222,2.23722
8,2,4,15,0,-2,3.80164,0.708528,0.748991,5.25916,19.2484,1.04318,0.356821
8,2,4,15,1,0,2.81237,0.629895,0.681651,4.12392,23.9434,0.496792,0.903208
8,2,4,15,1,-2,3.91292,0.640376,0.754498,5.3078,23.9713,2.40976,-1.00976
8,2,4,25,0,0,2.78859,1.17471,0.705768,4.66907,18.8672,-0.836442,2.23644
8,2,4,25,0,-2,3.79761,0.709796,1.36383,5.87124,19.2484,1.04326,0.356744
8,2,4,25,1,0,2.80185,0.632264,0.662834,4.09694,23.9434,0.480984,0.919016
8,2,4,25,1,-2,3.93185,0.641803,1.34572,5.91937,23.9713,2.42442,-1.02442
8,2,4,35,0,0,2.78692,1.1753,1.02977,4.99199,18.8672,-0.836243,2.23624
8,2,4,35,0,-2,3.79506,0.711301,2.33623,6.84259,19.2484,1.04267,0.357333
8,2,4,35,1,0,2.80519,0.634864,1.07681,4.51686,23.9434,0.484259,0.915741
8,2,4,35,1,-2,3.93176,0.643049,2.31766,6.89247,23.9713,2.42565,-1.02565
8,2,8,5,0,0,2.69836,4.86099,0.0792737,7.63862,42.2793,-3.22651,4.62651
8,2,8,5,0,-2,3.7697,0.716444,0.24564,4.73179,45.5322,-0.171414,1.57141
8,2,8,5,1,0,2.69801,0.907839,0.079492,3.68534,62.3047,0.376164,1.02384
8,2,8,5,1,-2,3.63361,0.646359,0.273982,4.55395,35.8409,2.38583,-0.985833
8,2,8,10,0,0,2.75912,1.1722,0.754075,4.68539,18.0019,-0.237574,1.63757
8,2,8,10,0,-2,3.88877,0.707713,0.827223,5.4237,17.7127,1.64129,-0.24129
8,2,8,10,1,0,2.89765,0.629421,0.711786,4.23886,23.918,0.68944,0.71056
8,2,8,10,1,-2,3.90969,0.639826,0.815864,5.36538,23.9512,2.55154,-1.15154
8,2,8,15,0,0,2.76614,1.17428,0.776546,4.71696,18.794,-0.250141,1.65014
8,2,8,15,0,-2,3.88768,0.708391,0.808209,5.40429,18.3552,1.66262,-0.262616
8,2,8,15,1,0,2.78611,0.630248,0.714618,4.13098,23.918,0.569457,0.830543
8,2,8,15,1,-2,3.96601,0.640257,0.796209,5.40248,23.9512,2.57597,-1.17597
8,2,8,25,0,0,2.76463,1.1738,0.760581,4.69901,18.794,-0.245898,1.6459
8,2,8,25,0,-2,3.88476,0.709273,1.38329,5.97732,18.3552,1.65995,-0.259945
8,2,8,25,1,0,2.82457,0.634121,0.697189,4.15588,23.918,0.612751,0.787249
8,2,8,25,1,-2,3.93585,0.641989,1.3842,5.96204,23.9512,2.55381,-1.15381
8,2,8,35,0,0,2.76308,1.17365,1.0434,4.98013,18.794,-0.244281,1.64428
8,2,8,35,0,-2,3.8831,0.710468,2.35559,6.94916,18.3552,1.6587,-0.258702
8,2,8,35,1,0,2.82496,0.637498,1.10442,4.56688,23.918,0.618586,0.781414
8,2,8,35,1,-2,3.93639,0.643219,2.35638,6.936,23.9512,2.55565,-1.15565
8,8,1,5,0,0,14.4247,0.636275,0.574267,15.6353,21.6281,-4.51937,5.91937
8,8,1,5,0,-2,5.60055,0.610877,0.546569,6.758,23.6324,-3.68767,5.08767
8,8,1,5,1,0,3.16742,0.636679,0.580349,4.38445,21.4439,0.078983,1.32102
8,8,1,5,1,-2,4.02656,0.611277,0.558867,5.19671,23.368,1.77329,-0.373294
8,8,1,10,0,0,7.27314,0.634002,0.350691,8.25783,23.5211,-3.34997,4.74997
8,8,1,10,0,-2,3.56708,0.608097,0.286844,4.46202,25.9005,-1.25299,2.65299
8,8,1,10,1,0,2.89718,0.636088,0.568279,4.10154,22.1557,0.465039,0.934961
8,8,1,10,1,-2,4.14433,0.609887,0.527568,5.28179,23.5211,2.47147,-1.07147
8,8,1,15,0,0,5.62302,0.633754,0.203245,6.46001,23.5211,-2.50133,3.90133
8,8,1,15,0,-2,3.88864,0.609199,0.42062,4.91846,25.9005,-1.01049,2.41049
8,8,1,15,1,0,2.74283,0.636294,0.565781,3.9449,22.1557,0.273112,1.12689
8,8,1,15,1,-2,3.97122,0.611338,0.524304,5.10686,23.5211,2.31184,-0.91184
8,8,1,25,0,0,5.51457,0.632097,0.574562,6.72123,23.5211,-2.34588,3.74588
8,8,1,25,0,-2,3.91133,0.609017,1.39629,5.91664,25.9005,-1.03065,2.43065
8,8,1,25,1,0,2.79411,0.636977,0.563494,3.99458,22.1557,0.340877,1.05912
8,8,1,25,1,-2,3.92467,0.612122,1.40727,5.94407,23.5211,2.29423,-0.894226
8,8,1,35,0,0,5.51172,0.630206,1.13834,7.28027,23.5211,-2.34576,3.74576
8,8,1,35,0,-2,3.90835,0.609531,2.36935,6.88723,25.9005,-1.02998,2.42998
8,8,1,35,1,0,2.79891,0.636534,1.12767,4.56312,22.1557,0.357752,1.04225
8,8,1,35,1,-2,3.92578,0.613145,2.38069,6.91962,23.5211,2.29921,-0.899205
8,8,4,5,0,0,2.88141,0.636033,0.602963,4.1204,21.6223,-0.695497,2.0955
8,8,4,5,0,-2,4.07919,0.610741,0.628559,5.31849,23.5048,1.33933,0.0606678
8,8,4,5,1,0,2.95495,0.636677,0.604246,4.19588,21.4368,0.590647,0.809353
8,8,4,5,1,-2,4.04066,0.611273,0.629431,5.28136,23.3523,2.45888,-1.05888
8,8,4,10,0,0,2.78411,0.634811,0.565649,3.98457,22.5262,-0.838003,2.238
8,8,4,10,0,-2,3.77364,0.609268,0.59075,4.97366,23.9942,1.01554,0.384462
8,8,4,10,1,0,2.76518,0.636287,0.604201,4.00567,22.1335,0.436109,0.963891
8,8,4,10,1,-2,3.93139,0.609941,0.615595,5.15693,23.503,2.4156,-1.0156
8,8,4,15,0,0,2.78908,0.634259,0.563751,3.98709,22.5262,-0.837167,2.23717
8,8,4,15,0,-2,3.80111,0.609578,0.590057,5.00075,23.9942,1.044,0.355998
8,8,4,15,1,0,2.81151,0.636661,0.599479,4.04765,22.1335,0.496734,0.903266
8,8,4,15,1,-2,3.91212,0.611595,0.613092,5.13681,23.503,2.40979,-1.00979
8,8,4,25,0,0,2.78739,0.633086,0.626048,4.04652,22.5262,-0.836351,2.23635
8,8,4,25,0,-2,3.79704,0.609385,1.52631,5.93274,23.9942,1.0435,0.356497
8,8,4,25,1,0,2.80112,0.637058,0.59403,4.03221,22.1335,0.480961,0.919039
8,8,4,25,1,-2,3.93103,0.61253,1.49229,6.03585,23.503,2.42439,-1.02439
8,8,4,35,0,0,2.78571,0.631184,1.18992,4.60681,22.5262,-0.836167,2.23617
8,8,4,35,0,-2,3.79442,0.60968,2.49949,6.90359,23.9942,1.04277,0.357232
8,8,4,35,1,0,2.8045,0.63627,1.1579,4.59867,22.1335,0.484247,0.915753
8,8,4,35,1,-2,3.93095,0.613686,2.46555,7.01019,23.503,2.42563,-1.02563
8,8,8,5,0,0,2.69777,0.636009,0.640831,3.97461,21.5886,-0.362894,1.76289
8,8,8,5,0,-2,3.76844,0.610794,0.675503,5.05474,23.4369,1.50434,-0.104345
8,8,8,5,1,0,2.69833,0.636673,0.640472,3.97548,21.4295,0.503043,0.896957
8,8,8,5,1,-2,3.63294,0.611268,0.675306,4.91952,23.3361,2.38594,-0.985938
8,8,8,10,0,0,2.75673,0.634838,0.62505,4.01662,22.3946,-0.239037,1.63904
8,8,8,10,0,-2,3.88745,0.609269,0.647929,5.14465,23.5965,1.64096,-0.24096
8,8,8,10,1,0,2.89673,0.636508,0.636566,4.1698,22.1108,0.689297,0.710703
8,8,8,10,1,-2,3.90952,0.610011,0.658878,5.1784,23.4843,2.5517,-1.1517
8,8,8,15,0,0,2.76554,0.634755,0.619649,4.01994,22.3946,-0.24876,1.64876
8,8,8,15,0,-2,3.88339,0.609845,0.645179,5.13841,23.5965,1.66227,-0.262272
8,8,8,15,1,0,2.78568,0.637108,0.632038,4.05483,22.1108,0.569614,0.830386
8,8,8,15,1,-2,3.96508,0.6119,0.655644,5.23262,23.4843,2.57588,-1.17588
8,8,8,25,0,0,2.76382,0.634433,0.639207,4.03746,22.3946,-0.245364,1.64536
8,8,8,25,0,-2,3.88374,0.609991,1.54574,6.03947,23.5965,1.66072,-0.260724
8,8,8,25,1,0,2.82404,0.637231,0.622324,4.0836,22.1108,0.612872,0.787128
8,8,8,25,1,-2,3.93498,0.612972,1.53135,6.0793,23.4843,2.55376,-1.15376
8,8,8,35,0,0,2.76198,0.633924,1.20314,4.59904,22.3946,-0.244028,1.64403
8,8,8,35,0,-2,3.88235,0.61044,2.51889,7.01168,23.5965,1.65853,-0.258527
8,8,8,35,1,0,2.82434,0.635011,1.18664,4.64599,22.1108,0.618666,0.781334
8,8,8,35,1,-2,3.9356,0.614246,2.50448,7.05432,23.4843,2.55562,-1.15562
